"No.","Radio ID","Name","Call Type","Call Alert"
"1","9","Local","Group Call","None"
"2","8803","Coos Net","Group Call","None"
"3","8804","Cape Net","Group Call","None"
"4","3109","CT Statewide","Group Call","None"
"5","3123","ME Statewide","Group Call","None"
"6","3125","MA Statewide","Group Call","None"
"7","3133","NH Statewide","Group Call","None"
"8","3144","RI Statewide","Group Call","None"
"9","3150","VT Statewide","Group Call","None"
"10","8","Region North","Group Call","None"
"11","3181","New England-Wide","Group Call","None"
"12","8802","NETAC2","Group Call","None"
"13","3172","Northeast","Group Call","None"
"14","3","North America","Group Call","None"
"15","1","WW Call","Group Call","None"
"16","8801","NETAC1","Group Call","None"
"17","310","TAC310","Group Call","None"
"18","311","TAC311","Group Call","None"
"19","113","UA English 1-113","Group Call","None"
"20","123","UA English 2-123","Group Call","None"
"21","119","UA119","Group Call","None"
"22","129","UA129","Group Call","None"
"23","9998","Parrot","Group Call","None"
"24","133","DMR+ USA","Group Call","None"
"25","143","DMR+ UK","Group Call","None"
"26","153","DMR+ Pacific","Group Call","None"
"27","759","SKYWARN","Group Call","None"
"28","99","DMR Simplex","Group Call","None"
"29","3029","New Brunswick","Group Call","None"
"30","134459","BJ Badyk","Private Call","Online Alert"
"31","111794","Cory Golob","Private Call","None"
"32","118616","Josh Brown","Private Call","Ring"
"33","118649","Roger Pience","Private Call","Online Alert"
"34","90509","Tim Watson","Private Call","Online Alert"
"35","3123082","Joe Grace","Private Call","Online Alert"
"36","3123346","Peter Hatem","Private Call","Online Alert"
"37","3136","NY Statewide","Group Call","None"
"38","31231","ME Event 1","Group Call","None"
"39","31232","ME Event 2","Group Call","None"
"40","9999","Audio Watch","Group Call","None"
"41","312","TAC312","Group Call","None"
"42","316","TAC316","Group Call","None"
"43","8808","NH Lakes","Group Call","None"
"44","31361","Upstate NY","Group Call","None"
"45","31235","FCEMA","Group Call","None"
