"No.","Scan List Name","Scan Channel Member","Scan Channel Member RX Frequency","Scan Channel Member TX Frequency","Scan Mode","Priority Channel Select","Priority Channel 1","Priority Channel 1 RX Frequency","Priority Channel 1 TX Frequency","Priority Channel 2","Priority Channel 2 RX Frequency","Priority Channel 2 TX Frequency","Revert Channel","Look Back Time A[s]","Look Back Time B[s]","Dropout Delay Time[s]","Dwell Time[s]"
"1","Weather","Weather 1|Weather 2|Weather 3|Weather 4|Weather 5|Weather 6|Weather 7","162.40000|162.42500|162.45000|162.47500|162.50000|162.52500|162.55000","162.40000|162.42500|162.45000|162.47500|162.50000|162.52500|162.55000","Off","Off","Off","","","Off","","","Selected","2.0","3.0","3.1","3.1"
"2","GMRS","GMRS 9|GMRS 10|GMRS 11|GMRS 12|GMRS 13|GMRS 14|GMRS 15-1|GMRS 16-2|GMRS 17-3|GMRS 18-4|GMRS 19-5|GMRS 20-6|GMRS 21-7|GMRS 22-8","467.58750|467.61250|467.63750|467.66250|467.68750|467.71250|462.55000|462.57500|462.60000|462.62500|462.65000|462.67500|462.70000|462.72500","467.58750|467.61250|467.63750|467.66250|467.68750|467.71250|462.55000|462.57500|462.60000|462.62500|462.65000|462.67500|462.70000|462.72500","Off","Off","Off","","","Off","","","Selected","2.0","3.0","3.1","3.1"
"3","Marine","Marine 01A|Marine 05A|Marine 6|Marine 07A|Marine 8|Marine 9|Marine 10|Marine 11|Marine 12|Marine 13|Marine 14|Marine 15|Marine 16|Marine 17|Marine 18A|Marine 19A|Marine 20|Marine 20A|Marine 21A|Marine 22A|Marine 23A|Marine 24|Marine 25|Marine 26|Marine 27|Marine 28|Marine 63A|Marine 65A|Marine 66A|Marine 67|Marine 68|Marine 69|Marine 70|Marine 71|Marine 72|Marine 73|Marine 74|Marine 77|Marine 78A|Marine 79A|Marine 80A|Marine 81A|Marine 82A|Marine 83A|Marine 84|Marine 85|Marine 86|Marine 87|Marine 88|Marine AIS 1","156.05000|156.25000|156.30000|156.35000|156.40000|156.45000|156.50000|156.55000|156.60000|156.65000|156.70000|156.75000|156.80000|156.85000|156.90000|156.95000|161.60000|157.00000|157.05000|157.10000|157.15000|161.80000|161.85000|161.90000|161.95000|162.00000|156.17500|156.27500|156.32500|156.37500|156.42500|156.47500|156.52500|156.57500|156.62500|156.67500|156.72500|156.87500|156.92500|156.97500|157.02500|157.07500|157.12500|157.17500|161.82500|161.87500|161.92500|157.37500|157.42500|161.97500","156.05000|156.25000|156.30000|156.35000|156.40000|156.45000|156.50000|156.55000|156.60000|156.65000|156.70000|156.75000|156.80000|156.85000|156.90000|156.95000|157.00000|157.00000|157.05000|157.10000|157.15000|157.20000|157.25000|157.30000|157.35000|157.40000|156.17500|156.27500|156.32500|156.37500|156.42500|156.47500|156.52500|156.57500|156.62500|156.67500|156.72500|156.87500|156.92500|156.97500|157.02500|157.07500|157.12500|157.17500|157.22500|157.27500|157.32500|157.37500|157.42500|161.97500","Off","Off","Off","","","Off","","","Selected","2.0","3.0","3.1","3.1"
"4","All Analog","2m Call 146.52|70cm Call 446.00|WJ1L Alfred 2m|WJ1L Alfred 70cm|W1BHR Alfred|KQ1L York|KQ1L Buckfield|K1AAM Hiram|N1SNR Westbrook|K1AAM Naples|W6BZ Arundel|W1QUI Falmouth|W1KVI Falmouth|K1SA Portland|K1MV Gray|W1NPP Poland|W1NPP Auburn|WZ1J Brunswick|K8MOT Bridgton|W1PIG Wales ME|W1NH Mt Washing|W1BST Ossipee|W1JY Gilford NH|W1SRA Saddleback|W1ALE Merrimack|K1CA Derry NH|CVNCT SKYWARN|W1IF Hebron ME|KQ1L Augusta|W1WU Osspee NH|K1EME Cannon Mt|N1AKE Ptsfld NH|N1KN Exeter NH|Corinna 220|AA1PN Exeter|New Durham NH|Ossipee NH|Dover NH","146.52000|446.00000|145.41000|448.72500|147.34500|147.18000|146.88000|147.01500|147.27000|146.83500|146.92500|147.09000|146.73000|147.36000|147.04500|147.31500|146.61000|147.13500|145.21000|145.29000|146.65500|147.03000|146.98500|147.00000|146.94000|146.85000|449.87500|224.62000|224.72000|224.60000|224.08000|224.54000|224.22000|224.84000|224.24000|224.02000|224.60000|224.78000","146.52000|446.00000|144.81000|443.72500|147.94500|147.78000|146.28000|147.61500|147.87000|146.23500|146.32500|147.69000|146.13000|147.96000|147.64500|147.91500|146.01000|147.73500|144.61000|144.69000|146.05500|147.63000|146.38500|146.40000|146.34000|146.25000|444.87500|223.02000|223.12000|223.00000|222.48000|222.94000|222.62000|223.24000|222.64000|222.42000|223.00000|223.18000","Off","Off","Off","","","Off","","","Selected","2.0","3.0","3.1","3.1"
"5","Simplex","DMRS 145.510|DMRS 145.790|DMRS 441.000|DMRS 446.500|DMRS 446.075|DMRS 443.450|2m Call 146.52|70cm Call 446.00|1.25m Calling","145.51000|145.79000|441.00000|446.50000|446.07500|443.45000|146.52000|446.00000|223.50000","145.51000|145.79000|441.00000|446.50000|446.07500|443.45000|146.52000|446.00000|223.50000","Off","Priority Channel Select1","Off","","","Off","","","Selected","0.0","0.0","0.0","0.0"
"6","Packet","Pkt 144.93|Pkt 144.95|Pkt 144.97|Pkt 144.99|Pkt 145.01|Pkt 145.03|Pkt 145.05|Pkt 145.07|Pkt 145.09|ME Backbone","144.93000|144.95000|144.97000|144.99000|145.01000|145.03000|145.05000|145.07000|145.09000|433.30000","144.93000|144.95000|144.97000|144.99000|145.01000|145.03000|145.05000|145.07000|145.09000|433.30000","Off","Off","Off","","","Off","","","Selected","2.0","3.0","3.1","3.1"
"7","SO-50","SO-50 AOS|SO-50 Approach|SO-50 TCA|SO-50 Receding|SO-50 LOS|SO-50 ACT","436.80500|436.80000|436.79500|436.79000|436.78500|436.80500","145.85000|145.85000|145.85000|145.85000|145.85000|145.85000","Off","Off","Off","","","Off","","","Selected","2.0","3.0","3.1","3.1"
"8","ISS","ISS AOS|ISS Approach|ISS TCA|ISS Receding|ISS LOS","437.81000|437.80500|437.80000|437.79500|437.79000","145.99000|145.99000|145.99000|145.99000|145.99000","Off","Off","Off","","","Off","","","Selected","2.0","3.0","3.1","3.1"
"9","AO-123","AO-123 AOS|AO-123 Approach|AO-123 TCA|AO-123 Receding|AO-123 LOS","435.41000|435.40500|435.40000|435.39500|435.39000","145.85000|145.85000|145.85000|145.85000|145.85000","Off","Off","Off","","","Off","","","Selected","2.0","3.0","3.1","3.1"
"10","CAS-3H","CAS-3H AOS|CAS-3H Approach|CAS-3H TCA|CAS-3H Receding|CAS-3H LOS","437.21000|437.20500|437.20000|437.19500|437.19000","144.35000|144.35000|144.35000|144.35000|144.35000","Off","Off","Off","","","Off","","","Selected","2.0","3.0","3.1","3.1"
"11","IO-86","IO-86 AOS|IO-86 Approach|IO-86 TCA|IO-86 Receding|IO-86 LOS","435.88500|435.88000|435.88000|435.88500|435.89000","145.88000|145.88000|145.88000|145.88000|145.88000","Off","Off","Off","","","Off","","","Selected","2.0","3.0","3.1","3.1"
"12","RS95S","RS95S AOS|RS95S Approach|RS95S TCA|RS95S Receding|RS95S LOS","436.96000|436.95500|436.95000|436.94500|436.94000","145.92000|145.92000|145.92000|145.92000|145.92000","Off","Off","Off","","","Off","","","Selected","2.0","3.0","3.1","3.1"
"13","TEVEL2","TEVEL2 AOS|TEVEL2 Approach|TEVEL2 TCA|TEVEL2 Receding|TEVEL2 LOS","436.41000|436.40500|436.40000|436.39500|436.39000","145.97000|145.97000|145.97000|145.97000|145.97000","Off","Off","Off","","","Off","","","Selected","2.0","3.0","3.1","3.1"
"14","AO-91","AO-91 AOS|AO-91 Approach|AO-91 TCA|AO-91 Receding|AO-91 LOS","435.24000|435.24500|435.25000|435.25500|435.26000","145.96000|145.96000|145.96000|145.96000|145.96000","Off","Off","Off","","","Off","","","Selected","2.0","3.0","3.1","3.1"
"15","PO-101","PO-101 AOS|PO-101 Approach|PO-101 TCA|PO-101 Receding|PO-101 LOS","437.49000|437.49500|437.50000|437.50500|437.51000","145.90000|145.90000|145.90000|145.90000|145.90000","Off","Off","Off","","","Off","","","Selected","2.0","3.0","3.1","3.1"
