scanlist_id,seq,channel_id
s001,1,ch02286
s001,2,ch02287
s001,3,ch02288
s001,4,ch02289
s001,5,ch02290
s001,6,ch02291
s001,7,ch02292
s002,1,ch02352
s002,2,ch02353
s002,3,ch02354
s002,4,ch02355
s002,5,ch02356
s002,6,ch02357
s002,7,ch02358
s002,8,ch02359
s002,9,ch02360
s002,10,ch02361
s002,11,ch02362
s002,12,ch02363
s002,13,ch02364
s002,14,ch02365
s003,1,ch02293
s003,2,ch02294
s003,3,ch02295
s003,4,ch02296
s003,5,ch02297
s003,6,ch02298
s003,7,ch02299
s003,8,ch02300
s003,9,ch02301
s003,10,ch02302
s003,11,ch02303
s003,12,ch02304
s003,13,ch02305
s003,14,ch02306
s003,15,ch02307
s003,16,ch02308
s003,17,ch02309
s003,18,ch02310
s003,19,ch02311
s003,20,ch02312
s003,21,ch02313
s003,22,ch02314
s003,23,ch02315
s003,24,ch02316
s003,25,ch02317
s003,26,ch02318
s003,27,ch02319
s003,28,ch02320
s003,29,ch02321
s003,30,ch02322
s003,31,ch02323
s003,32,ch02324
s003,33,ch02325
s003,34,ch02326
s003,35,ch02327
s003,36,ch02328
s003,37,ch02329
s003,38,ch02330
s003,39,ch02331
s003,40,ch02332
s003,41,ch02333
s003,42,ch02334
s003,43,ch02335
s003,44,ch02336
s003,45,ch02337
s003,46,ch02338
s003,47,ch02339
s003,48,ch02340
s003,49,ch02341
s003,50,ch02342
s004,1,ch02241
s004,2,ch02242
s004,3,ch02205
s004,4,ch02206
s004,5,ch02207
s004,6,ch02208
s004,7,ch02209
s004,8,ch02211
s004,9,ch02212
s004,10,ch02213
s004,11,ch02214
s004,12,ch02215
s004,13,ch02221
s004,14,ch02222
s004,15,ch02223
s004,16,ch02224
s004,17,ch02225
s004,18,ch02226
s004,19,ch02227
s004,20,ch02228
s004,21,ch02229
s004,22,ch02230
s004,23,ch02231
s004,24,ch02232
s004,25,ch02233
s004,26,ch02234
s004,27,ch00036
s005,1,ch02235
s005,2,ch02236
s005,3,ch02237
s005,4,ch02238
s005,5,ch02239
s005,6,ch02240
s005,7,ch02241
s005,8,ch02242
s004,960,ch02870
s004,961,ch02871
s004,962,ch02872
s004,963,ch02873
s004,964,ch02874
s004,965,ch02875
s004,966,ch02876
s004,967,ch02877
s005,968,ch02878
s004,969,ch02879
s004,970,ch02880
s004,971,ch02881
