id,Radio ID,Name,Call Type,Call Alert
tg0001,9,Local,Group Call,None
tg0002,8803,Coos Net,Group Call,None
tg0003,8804,Cape Net,Group Call,None
tg0004,3109,CT Statewide,Group Call,None
tg0005,3123,ME Statewide,Group Call,None
tg0006,3125,MA Statewide,Group Call,None
tg0007,3133,NH Statewide,Group Call,None
tg0008,3144,RI Statewide,Group Call,None
tg0009,3150,VT Statewide,Group Call,None
tg0010,8,Region North,Group Call,None
tg0011,3181,New England-Wide,Group Call,None
tg0012,8802,NETAC2,Group Call,None
tg0013,3172,Northeast,Group Call,None
tg0014,3,North America,Group Call,None
tg0015,13,WW English,Group Call,None
tg0016,1,WW Call,Group Call,None
tg0017,14,WW Spanish,Group Call,None
tg0018,10,WW German,Group Call,None
tg0019,8801,NETAC1,Group Call,None
tg0020,310,TAC310,Group Call,None
tg0021,311,TAC311,Group Call,None
tg0022,113,UA English 1-113,Group Call,None
tg0023,123,UA English 2-123,Group Call,None
tg0024,119,UA119,Group Call,None
tg0025,129,UA129,Group Call,None
tg0026,9998,Parrot,Group Call,None
tg0027,133,DMR+ USA,Group Call,None
tg0028,143,DMR+ UK,Group Call,None
tg0029,153,DMR+ Pacific,Group Call,None
tg0030,759,SKYWARN,Group Call,None
tg0031,99,DMR Simplex,Group Call,None
tg0032,3029,New Brunswick,Group Call,None
tg0033,134459,BJ Badyk,Private Call,Online Alert
tg0034,111794,Cory Golob,Private Call,None
tg0035,118616,Josh Brown,Private Call,Ring
tg0036,118649,Roger Pience,Private Call,Online Alert
tg0037,90509,Tim Watson,Private Call,Online Alert
tg0038,3123082,Joe Grace,Private Call,Online Alert
tg0039,3123346,Peter Hatem,Private Call,Online Alert
tg0040,3136,NY Statewide,Group Call,None
tg0041,31231,ME Event 1,Group Call,None
tg0042,31232,ME Event 2,Group Call,None
tg0043,9999,Audio Watch,Group Call,None
tg0044,312,TAC312,Group Call,None
tg0045,316,TAC316,Group Call,None
tg0046,8808,NH Lakes,Group Call,None
tg0047,31361,Upstate NY,Group Call,None
tg0048,31235,FCEMA,Group Call,None
