zone_id,seq,channel_id
z001,1,ch00002
z001,2,ch00001
z001,3,ch00003
z001,4,ch00004
z001,5,ch00006
z001,6,ch00005
z001,7,ch00017
z001,8,ch00018
z001,9,ch00008
z001,10,ch00007
z001,11,ch00020
z001,12,ch00019
z001,13,ch00016
z001,14,ch00009
z001,15,ch00010
z001,16,ch00011
z001,17,ch00012
z001,18,ch00013
z001,19,ch00014
z001,20,ch00015
z002,1,ch00022
z002,2,ch00021
z002,3,ch00023
z002,4,ch00024
z002,5,ch00026
z002,6,ch00025
z002,7,ch00037
z002,8,ch00038
z002,9,ch00028
z002,10,ch00027
z002,11,ch00040
z002,12,ch00039
z002,13,ch00036
z002,14,ch00029
z002,15,ch00030
z002,16,ch00031
z002,17,ch00032
z002,18,ch00033
z002,19,ch00034
z002,20,ch00035
z003,1,ch00042
z003,2,ch00041
z003,3,ch00043
z003,4,ch00044
z003,5,ch00046
z003,6,ch00045
z003,7,ch00058
z003,8,ch00059
z003,9,ch00047
z003,10,ch00057
z003,11,ch00048
z003,12,ch00049
z003,13,ch00050
z003,14,ch00051
z003,15,ch00052
z003,16,ch00053
z003,17,ch00054
z003,18,ch00055
z003,19,ch00056
z004,1,ch00061
z004,2,ch00060
z004,3,ch00062
z004,4,ch00063
z004,5,ch00065
z004,6,ch00064
z004,7,ch00076
z004,8,ch00077
z004,9,ch00067
z004,10,ch00066
z004,11,ch00079
z004,12,ch00078
z004,13,ch00075
z004,14,ch00068
z004,15,ch00069
z004,16,ch00070
z004,17,ch00071
z004,18,ch00072
z004,19,ch00073
z004,20,ch00074
z005,1,ch00081
z005,2,ch00080
z005,3,ch00082
z005,4,ch00083
z005,5,ch00085
z005,6,ch00084
z005,7,ch00090
z005,8,ch00091
z005,9,ch00087
z005,10,ch00086
z005,11,ch00093
z005,12,ch00092
z005,13,ch00089
z005,14,ch00088
z006,1,ch00095
z006,2,ch00094
z006,3,ch00096
z006,4,ch00097
z006,5,ch00099
z006,6,ch00098
z006,7,ch00110
z006,8,ch00111
z006,9,ch00101
z006,10,ch00100
z006,11,ch00113
z006,12,ch00112
z006,13,ch00109
z006,14,ch00102
z006,15,ch00103
z006,16,ch00104
z006,17,ch00105
z006,18,ch00106
z006,19,ch00107
z006,20,ch00108
z007,1,ch00115
z007,2,ch00114
z007,3,ch00116
z007,4,ch00117
z007,5,ch00119
z007,6,ch00118
z007,7,ch00131
z007,8,ch00132
z007,9,ch00120
z007,10,ch00130
z007,11,ch00121
z007,12,ch00122
z007,13,ch00123
z007,14,ch00124
z007,15,ch00125
z007,16,ch00126
z007,17,ch00127
z007,18,ch00128
z007,19,ch00129
z008,1,ch00134
z008,2,ch00133
z008,3,ch00135
z008,4,ch00136
z008,5,ch00138
z008,6,ch00137
z008,7,ch00149
z008,8,ch00150
z008,9,ch00140
z008,10,ch00139
z008,11,ch00152
z008,12,ch00151
z008,13,ch00148
z008,14,ch00141
z008,15,ch00142
z008,16,ch00143
z008,17,ch00144
z008,18,ch00145
z008,19,ch00146
z008,20,ch00147
z009,1,ch00154
z009,2,ch00153
z009,3,ch00155
z009,4,ch00156
z009,5,ch00158
z009,6,ch00157
z009,7,ch00169
z009,8,ch00170
z009,9,ch00160
z009,10,ch00159
z009,11,ch00172
z009,12,ch00171
z009,13,ch00168
z009,14,ch00161
z009,15,ch00162
z009,16,ch00163
z009,17,ch00164
z009,18,ch00165
z009,19,ch00166
z009,20,ch00167
z010,1,ch00174
z010,2,ch00175
z010,3,ch00173
z010,4,ch00180
z010,5,ch00176
z010,6,ch00190
z010,7,ch00186
z010,8,ch00177
z010,9,ch00179
z010,10,ch00178
z010,11,ch00188
z010,12,ch00189
z010,13,ch00182
z010,14,ch00181
z010,15,ch00192
z010,16,ch00191
z010,17,ch00187
z010,18,ch00183
z010,19,ch00184
z010,20,ch00185
z011,1,ch00194
z011,2,ch00195
z011,3,ch00193
z011,4,ch00200
z011,5,ch00196
z011,6,ch00209
z011,7,ch00205
z011,8,ch00197
z011,9,ch00199
z011,10,ch00198
z011,11,ch00207
z011,12,ch00208
z011,13,ch00202
z011,14,ch00201
z011,15,ch00211
z011,16,ch00210
z011,17,ch00206
z011,18,ch00203
z011,19,ch00204
z012,1,ch00233
z012,2,ch00234
z012,3,ch00232
z012,4,ch00239
z012,5,ch00235
z012,6,ch00248
z012,7,ch00244
z012,8,ch00236
z012,9,ch00238
z012,10,ch00237
z012,11,ch00246
z012,12,ch00247
z012,13,ch00241
z012,14,ch00240
z012,15,ch00250
z012,16,ch00249
z012,17,ch00245
z012,18,ch00242
z012,19,ch00243
z013,1,ch00213
z013,2,ch00214
z013,3,ch00212
z013,4,ch00219
z013,5,ch00215
z013,6,ch00229
z013,7,ch00225
z013,8,ch00216
z013,9,ch00218
z013,10,ch00217
z013,11,ch00227
z013,12,ch00228
z013,13,ch00221
z013,14,ch00220
z013,15,ch00231
z013,16,ch00230
z013,17,ch00226
z013,18,ch00222
z013,19,ch00223
z013,20,ch00224
z014,1,ch00252
z014,2,ch00253
z014,3,ch00251
z014,4,ch00258
z014,5,ch00254
z014,6,ch00268
z014,7,ch00264
z014,8,ch00255
z014,9,ch00257
z014,10,ch00256
z014,11,ch00266
z014,12,ch00267
z014,13,ch00260
z014,14,ch00259
z014,15,ch00270
z014,16,ch00269
z014,17,ch00265
z014,18,ch00261
z014,19,ch00262
z014,20,ch00263
z015,1,ch00272
z015,2,ch00273
z015,3,ch00271
z015,4,ch00278
z015,5,ch00274
z015,6,ch00288
z015,7,ch00284
z015,8,ch00275
z015,9,ch00277
z015,10,ch00276
z015,11,ch00286
z015,12,ch00287
z015,13,ch00280
z015,14,ch00279
z015,15,ch00290
z015,16,ch00289
z015,17,ch00285
z015,18,ch00281
z015,19,ch00282
z015,20,ch00283
z016,1,ch00292
z016,2,ch00293
z016,3,ch00291
z016,4,ch00298
z016,5,ch00294
z016,6,ch00307
z016,7,ch00303
z016,8,ch00295
z016,9,ch00297
z016,10,ch00296
z016,11,ch00305
z016,12,ch00306
z016,13,ch00300
z016,14,ch00299
z016,15,ch00309
z016,16,ch00308
z016,17,ch00304
z016,18,ch00301
z016,19,ch00302
z017,1,ch00311
z017,2,ch00312
z017,3,ch00310
z017,4,ch00317
z017,5,ch00313
z017,6,ch00326
z017,7,ch00322
z017,8,ch00314
z017,9,ch00316
z017,10,ch00315
z017,11,ch00324
z017,12,ch00325
z017,13,ch00319
z017,14,ch00318
z017,15,ch00328
z017,16,ch00327
z017,17,ch00323
z017,18,ch00320
z017,19,ch00321
z018,1,ch00330
z018,2,ch00331
z018,3,ch00329
z018,4,ch00336
z018,5,ch00332
z018,6,ch00346
z018,7,ch00342
z018,8,ch00333
z018,9,ch00335
z018,10,ch00334
z018,11,ch00344
z018,12,ch00345
z018,13,ch00338
z018,14,ch00337
z018,15,ch00348
z018,16,ch00347
z018,17,ch00343
z018,18,ch00339
z018,19,ch00340
z018,20,ch00341
z019,1,ch00369
z019,2,ch00370
z019,3,ch00368
z019,4,ch00375
z019,5,ch00371
z019,6,ch00384
z019,7,ch00380
z019,8,ch00372
z019,9,ch00374
z019,10,ch00373
z019,11,ch00382
z019,12,ch00383
z019,13,ch00377
z019,14,ch00376
z019,15,ch00386
z019,16,ch00385
z019,17,ch00381
z019,18,ch00378
z019,19,ch00379
z020,1,ch00408
z020,2,ch00409
z020,3,ch00407
z020,4,ch00414
z020,5,ch00410
z020,6,ch00424
z020,7,ch00420
z020,8,ch00411
z020,9,ch00413
z020,10,ch00412
z020,11,ch00422
z020,12,ch00423
z020,13,ch00416
z020,14,ch00415
z020,15,ch00426
z020,16,ch00425
z020,17,ch00421
z020,18,ch00417
z020,19,ch00418
z020,20,ch00419
z021,1,ch00428
z021,2,ch00429
z021,3,ch00427
z021,4,ch00434
z021,5,ch00430
z021,6,ch00444
z021,7,ch00440
z021,8,ch00431
z021,9,ch00433
z021,10,ch00432
z021,11,ch00442
z021,12,ch00443
z021,13,ch00435
z021,14,ch00436
z021,15,ch00446
z021,16,ch00445
z021,17,ch00441
z021,18,ch00437
z021,19,ch00438
z021,20,ch00439
z022,1,ch00448
z022,2,ch00449
z022,3,ch00447
z022,4,ch00454
z022,5,ch00450
z022,6,ch00464
z022,7,ch00460
z022,8,ch00451
z022,9,ch00453
z022,10,ch00452
z022,11,ch00462
z022,12,ch00463
z022,13,ch00455
z022,14,ch00456
z022,15,ch00466
z022,16,ch00465
z022,17,ch00461
z022,18,ch00457
z022,19,ch00458
z022,20,ch00459
z023,1,ch00468
z023,2,ch00469
z023,3,ch00467
z023,4,ch00474
z023,5,ch00470
z023,6,ch00484
z023,7,ch00480
z023,8,ch00471
z023,9,ch00473
z023,10,ch00472
z023,11,ch00482
z023,12,ch00483
z023,13,ch00476
z023,14,ch00475
z023,15,ch00486
z023,16,ch00485
z023,17,ch00481
z023,18,ch00477
z023,19,ch00478
z023,20,ch00479
z024,1,ch00488
z024,2,ch00489
z024,3,ch00487
z024,4,ch00494
z024,5,ch00490
z024,6,ch00504
z024,7,ch00500
z024,8,ch00491
z024,9,ch00493
z024,10,ch00492
z024,11,ch00502
z024,12,ch00503
z024,13,ch00495
z024,14,ch00496
z024,15,ch00506
z024,16,ch00505
z024,17,ch00501
z024,18,ch00497
z024,19,ch00498
z024,20,ch00499
z025,1,ch00508
z025,2,ch00509
z025,3,ch00507
z025,4,ch00514
z025,5,ch00510
z025,6,ch00524
z025,7,ch00520
z025,8,ch00511
z025,9,ch00513
z025,10,ch00512
z025,11,ch00522
z025,12,ch00523
z025,13,ch00515
z025,14,ch00516
z025,15,ch00526
z025,16,ch00525
z025,17,ch00521
z025,18,ch00517
z025,19,ch00518
z025,20,ch00519
z026,1,ch00350
z026,2,ch00351
z026,3,ch00349
z026,4,ch00356
z026,5,ch00352
z026,6,ch00365
z026,7,ch00361
z026,8,ch00353
z026,9,ch00355
z026,10,ch00354
z026,11,ch00363
z026,12,ch00364
z026,13,ch00358
z026,14,ch00357
z026,15,ch00367
z026,16,ch00366
z026,17,ch00362
z026,18,ch00359
z026,19,ch00360
z027,1,ch00388
z027,2,ch00389
z027,3,ch00387
z027,4,ch00394
z027,5,ch00390
z027,6,ch00404
z027,7,ch00400
z027,8,ch00391
z027,9,ch00393
z027,10,ch00392
z027,11,ch00402
z027,12,ch00403
z027,13,ch00396
z027,14,ch00395
z027,15,ch00406
z027,16,ch00405
z027,17,ch00401
z027,18,ch00397
z027,19,ch00398
z027,20,ch00399
z028,1,ch00528
z028,2,ch00529
z028,3,ch00527
z028,4,ch00534
z028,5,ch00530
z028,6,ch00543
z028,7,ch00539
z028,8,ch00531
z028,9,ch00533
z028,10,ch00532
z028,11,ch00541
z028,12,ch00542
z028,13,ch00536
z028,14,ch00535
z028,15,ch00545
z028,16,ch00544
z028,17,ch00540
z028,18,ch00537
z028,19,ch00538
z029,1,ch00546
z029,2,ch00547
z029,3,ch00548
z029,4,ch00549
z029,5,ch00550
z029,6,ch00551
z029,7,ch00552
z029,8,ch00553
z029,9,ch00554
z029,10,ch00555
z029,11,ch00556
z029,12,ch00557
z029,13,ch00558
z029,14,ch00559
z029,15,ch00560
z029,16,ch00561
z029,17,ch00562
z029,18,ch00563
z030,1,ch00565
z030,2,ch00566
z030,3,ch00564
z030,4,ch00571
z030,5,ch00567
z030,6,ch00580
z030,7,ch00576
z030,8,ch00568
z030,9,ch00570
z030,10,ch00569
z030,11,ch00578
z030,12,ch00579
z030,13,ch00573
z030,14,ch00572
z030,15,ch00582
z030,16,ch00581
z030,17,ch00577
z030,18,ch00574
z030,19,ch00575
z031,1,ch00583
z031,2,ch00584
z031,3,ch00585
z031,4,ch00586
z031,5,ch00587
z031,6,ch00588
z031,7,ch00589
z031,8,ch00590
z031,9,ch00591
z031,10,ch00592
z031,11,ch00593
z031,12,ch00594
z031,13,ch00595
z031,14,ch00596
z031,15,ch00597
z031,16,ch00598
z031,17,ch00599
z031,18,ch00600
z031,19,ch00601
z031,20,ch00602
z031,21,ch00603
z031,22,ch00604
z031,23,ch00605
z031,24,ch00606
z031,25,ch00607
z032,1,ch00608
z032,2,ch00609
z032,3,ch00610
z032,4,ch00611
z032,5,ch00612
z032,6,ch00613
z032,7,ch00614
z032,8,ch00615
z032,9,ch00616
z032,10,ch00617
z032,11,ch00618
z032,12,ch00619
z032,13,ch00620
z032,14,ch00621
z032,15,ch00622
z032,16,ch00623
z032,17,ch00624
z032,18,ch00625
z032,19,ch00626
z033,1,ch00627
z033,2,ch00628
z033,3,ch00629
z033,4,ch00630
z033,5,ch00631
z033,6,ch00632
z033,7,ch00633
z033,8,ch00634
z033,9,ch00635
z033,10,ch00636
z033,11,ch00637
z033,12,ch00638
z033,13,ch00639
z033,14,ch00640
z033,15,ch00641
z033,16,ch00642
z033,17,ch00643
z033,18,ch00644
z033,19,ch00645
z033,20,ch00646
z033,21,ch00647
z034,1,ch00648
z034,2,ch00649
z034,3,ch00650
z034,4,ch00651
z034,5,ch00652
z034,6,ch00653
z034,7,ch00654
z034,8,ch00655
z034,9,ch00656
z034,10,ch00657
z034,11,ch00658
z034,12,ch00659
z034,13,ch00660
z034,14,ch00661
z034,15,ch00662
z034,16,ch00663
z034,17,ch00664
z034,18,ch00665
z034,19,ch00666
z034,20,ch00667
z034,21,ch00668
z034,22,ch00669
z034,23,ch00670
z034,24,ch00671
z034,25,ch00672
z035,1,ch00673
z035,2,ch00674
z035,3,ch00675
z035,4,ch00676
z035,5,ch00677
z035,6,ch00678
z035,7,ch00679
z035,8,ch00680
z035,9,ch00681
z035,10,ch00682
z035,11,ch00683
z035,12,ch00684
z035,13,ch00685
z035,14,ch00686
z035,15,ch00687
z035,16,ch00688
z035,17,ch00689
z035,18,ch00690
z035,19,ch00691
z035,20,ch00692
z035,21,ch00693
z035,22,ch00694
z035,23,ch00695
z035,24,ch00696
z035,25,ch00697
z035,26,ch00698
z036,1,ch00699
z036,2,ch00700
z036,3,ch00701
z036,4,ch00702
z036,5,ch00703
z036,6,ch00704
z036,7,ch00705
z036,8,ch00706
z036,9,ch00707
z036,10,ch00708
z036,11,ch00709
z036,12,ch00710
z036,13,ch00711
z036,14,ch00712
z036,15,ch00713
z036,16,ch00714
z036,17,ch00715
z036,18,ch00716
z036,19,ch00717
z036,20,ch00718
z036,21,ch00719
z036,22,ch00720
z036,23,ch00721
z036,24,ch00722
z036,25,ch00723
z037,1,ch00749
z037,2,ch00750
z037,3,ch00751
z037,4,ch00752
z037,5,ch00753
z037,6,ch00754
z037,7,ch00755
z037,8,ch00756
z037,9,ch00757
z037,10,ch00758
z037,11,ch00759
z037,12,ch00760
z037,13,ch00761
z037,14,ch00762
z037,15,ch00763
z037,16,ch00764
z037,17,ch00765
z037,18,ch00766
z037,19,ch00767
z037,20,ch00768
z037,21,ch00769
z037,22,ch00770
z037,23,ch00771
z037,24,ch00772
z037,25,ch00773
z037,26,ch00774
z038,1,ch00724
z038,2,ch00725
z038,3,ch00726
z038,4,ch00727
z038,5,ch00728
z038,6,ch00729
z038,7,ch00730
z038,8,ch00731
z038,9,ch00732
z038,10,ch00733
z038,11,ch00734
z038,12,ch00735
z038,13,ch00736
z038,14,ch00737
z038,15,ch00738
z038,16,ch00739
z038,17,ch00740
z038,18,ch00741
z038,19,ch00742
z038,20,ch00743
z038,21,ch00744
z038,22,ch00745
z038,23,ch00746
z038,24,ch00747
z038,25,ch00748
z039,1,ch00775
z039,2,ch00776
z039,3,ch00777
z039,4,ch00778
z039,5,ch00779
z039,6,ch00780
z039,7,ch00781
z039,8,ch00782
z039,9,ch00783
z039,10,ch00784
z039,11,ch00785
z039,12,ch00786
z039,13,ch00787
z039,14,ch00788
z039,15,ch00789
z039,16,ch00790
z039,17,ch00791
z039,18,ch00792
z039,19,ch00793
z039,20,ch00794
z039,21,ch00795
z039,22,ch00796
z039,23,ch00797
z039,24,ch00798
z040,1,ch00799
z040,2,ch00800
z040,3,ch00801
z040,4,ch00802
z040,5,ch00803
z040,6,ch00804
z040,7,ch00805
z040,8,ch00806
z040,9,ch00807
z040,10,ch00808
z040,11,ch00809
z040,12,ch00810
z040,13,ch00811
z040,14,ch00812
z040,15,ch00813
z040,16,ch00814
z040,17,ch00815
z040,18,ch00816
z040,19,ch00817
z040,20,ch00818
z040,21,ch00819
z040,22,ch00820
z040,23,ch00821
z040,24,ch00822
z040,25,ch00823
z040,26,ch00824
z041,1,ch00825
z041,2,ch00826
z041,3,ch00827
z041,4,ch00828
z041,5,ch00829
z041,6,ch00830
z041,7,ch00831
z041,8,ch00832
z041,9,ch00833
z041,10,ch00834
z041,11,ch00835
z041,12,ch00836
z041,13,ch00837
z041,14,ch00838
z041,15,ch00839
z041,16,ch00840
z041,17,ch00841
z041,18,ch00842
z041,19,ch00843
z041,20,ch00844
z041,21,ch00845
z041,22,ch00846
z041,23,ch00847
z041,24,ch00848
z041,25,ch00849
z041,26,ch00850
z041,27,ch00851
z042,1,ch00852
z042,2,ch00853
z042,3,ch00854
z042,4,ch00855
z042,5,ch00856
z042,6,ch00857
z042,7,ch00858
z042,8,ch00859
z042,9,ch00860
z042,10,ch00861
z042,11,ch00862
z042,12,ch00863
z042,13,ch00864
z042,14,ch00865
z042,15,ch00866
z042,16,ch00867
z042,17,ch00868
z042,18,ch00869
z042,19,ch00870
z042,20,ch00871
z042,21,ch00872
z042,22,ch00873
z042,23,ch00874
z042,24,ch00875
z042,25,ch00876
z042,26,ch00877
z043,1,ch00878
z043,2,ch00879
z043,3,ch00880
z043,4,ch00881
z043,5,ch00882
z043,6,ch00883
z043,7,ch00884
z043,8,ch00885
z043,9,ch00886
z043,10,ch00887
z043,11,ch00888
z043,12,ch00889
z043,13,ch00890
z043,14,ch00891
z043,15,ch00892
z043,16,ch00893
z043,17,ch00894
z043,18,ch00895
z043,19,ch00896
z043,20,ch00897
z043,21,ch00898
z043,22,ch00899
z043,23,ch00900
z043,24,ch00901
z043,25,ch00902
z044,1,ch00903
z044,2,ch00904
z044,3,ch00905
z044,4,ch00906
z044,5,ch00907
z044,6,ch00908
z044,7,ch00909
z044,8,ch00910
z044,9,ch00911
z044,10,ch00912
z044,11,ch00913
z044,12,ch00914
z044,13,ch00915
z044,14,ch00916
z044,15,ch00917
z044,16,ch00918
z044,17,ch00919
z044,18,ch00920
z044,19,ch00921
z044,20,ch00922
z044,21,ch00923
z044,22,ch00924
z044,23,ch00925
z044,24,ch00926
z044,25,ch00927
z045,1,ch00953
z045,2,ch00954
z045,3,ch00955
z045,4,ch00956
z045,5,ch00957
z045,6,ch00958
z045,7,ch00959
z045,8,ch00960
z045,9,ch00961
z045,10,ch00962
z045,11,ch00963
z045,12,ch00964
z045,13,ch00965
z045,14,ch00966
z045,15,ch00967
z045,16,ch00968
z045,17,ch00969
z045,18,ch00970
z045,19,ch00971
z045,20,ch00972
z045,21,ch00973
z045,22,ch00974
z045,23,ch00975
z045,24,ch00976
z045,25,ch00977
z045,26,ch00978
z045,27,ch00979
z046,1,ch00928
z046,2,ch00929
z046,3,ch00930
z046,4,ch00931
z046,5,ch00932
z046,6,ch00933
z046,7,ch00934
z046,8,ch00935
z046,9,ch00936
z046,10,ch00937
z046,11,ch00938
z046,12,ch00939
z046,13,ch00940
z046,14,ch00941
z046,15,ch00942
z046,16,ch00943
z046,17,ch00944
z046,18,ch00945
z046,19,ch00946
z046,20,ch00947
z046,21,ch00948
z046,22,ch00949
z046,23,ch00950
z046,24,ch00951
z046,25,ch00952
z047,1,ch00980
z047,2,ch00981
z047,3,ch00982
z047,4,ch00983
z047,5,ch00984
z047,6,ch00985
z047,7,ch00986
z047,8,ch00987
z047,9,ch00988
z047,10,ch00989
z047,11,ch00990
z047,12,ch00991
z047,13,ch00992
z047,14,ch00993
z047,15,ch00994
z047,16,ch00995
z047,17,ch00996
z047,18,ch00997
z047,19,ch00998
z047,20,ch00999
z047,21,ch01000
z047,22,ch01001
z047,23,ch01002
z047,24,ch01003
z048,1,ch01030
z048,2,ch01031
z048,3,ch01032
z048,4,ch01033
z048,5,ch01034
z048,6,ch01035
z048,7,ch01036
z048,8,ch01037
z048,9,ch01038
z048,10,ch01039
z048,11,ch01040
z048,12,ch01041
z048,13,ch01042
z048,14,ch01043
z048,15,ch01044
z048,16,ch01045
z048,17,ch01046
z048,18,ch01047
z048,19,ch01048
z048,20,ch01049
z048,21,ch01050
z049,1,ch01051
z049,2,ch01052
z049,3,ch01053
z049,4,ch01054
z049,5,ch01055
z049,6,ch01056
z049,7,ch01057
z049,8,ch01058
z049,9,ch01059
z049,10,ch01060
z049,11,ch01061
z049,12,ch01062
z049,13,ch01063
z049,14,ch01064
z049,15,ch01065
z049,16,ch01066
z049,17,ch01067
z049,18,ch01068
z049,19,ch01069
z049,20,ch01070
z049,21,ch01071
z049,22,ch01072
z049,23,ch01073
z049,24,ch01074
z049,25,ch01075
z050,1,ch01004
z050,2,ch01005
z050,3,ch01006
z050,4,ch01007
z050,5,ch01008
z050,6,ch01009
z050,7,ch01010
z050,8,ch01011
z050,9,ch01012
z050,10,ch01013
z050,11,ch01014
z050,12,ch01015
z050,13,ch01016
z050,14,ch01017
z050,15,ch01018
z050,16,ch01019
z050,17,ch01020
z050,18,ch01021
z050,19,ch01022
z050,20,ch01023
z050,21,ch01024
z050,22,ch01025
z050,23,ch01026
z050,24,ch01027
z050,25,ch01028
z050,26,ch01029
z051,1,ch01076
z051,2,ch01077
z051,3,ch01078
z051,4,ch01079
z051,5,ch01080
z051,6,ch01081
z051,7,ch01082
z051,8,ch01083
z051,9,ch01084
z051,10,ch01085
z051,11,ch01086
z051,12,ch01087
z051,13,ch01088
z051,14,ch01089
z051,15,ch01090
z051,16,ch01091
z051,17,ch01092
z051,18,ch01093
z051,19,ch01094
z051,20,ch01095
z051,21,ch01096
z051,22,ch01097
z051,23,ch01098
z051,24,ch01099
z052,1,ch01100
z052,2,ch01101
z052,3,ch01102
z052,4,ch01103
z052,5,ch01104
z052,6,ch01105
z052,7,ch01106
z052,8,ch01107
z052,9,ch01108
z052,10,ch01109
z052,11,ch01110
z052,12,ch01111
z052,13,ch01112
z052,14,ch01113
z052,15,ch01114
z052,16,ch01115
z052,17,ch01116
z052,18,ch01117
z052,19,ch01118
z052,20,ch01119
z052,21,ch01120
z052,22,ch01121
z052,23,ch01122
z052,24,ch01123
z052,25,ch01124
z052,26,ch01125
z053,1,ch01126
z053,2,ch01127
z053,3,ch01128
z053,4,ch01129
z053,5,ch01130
z053,6,ch01131
z053,7,ch01132
z053,8,ch01133
z053,9,ch01134
z053,10,ch01135
z053,11,ch01136
z053,12,ch01137
z053,13,ch01138
z053,14,ch01139
z053,15,ch01140
z053,16,ch01141
z053,17,ch01142
z053,18,ch01143
z053,19,ch01144
z054,1,ch01145
z054,2,ch01149
z054,3,ch01160
z054,4,ch01146
z054,5,ch01148
z054,6,ch01147
z054,7,ch01164
z054,8,ch01165
z054,9,ch01162
z054,10,ch01163
z054,11,ch01151
z054,12,ch01150
z054,13,ch01167
z054,14,ch01166
z054,15,ch01161
z054,16,ch01152
z054,17,ch01153
z054,18,ch01154
z054,19,ch01155
z054,20,ch01156
z054,21,ch01157
z054,22,ch01158
z054,23,ch01159
z055,1,ch01214
z055,2,ch01220
z055,3,ch01216
z055,4,ch01215
z055,5,ch01232
z055,6,ch01213
z055,7,ch01226
z055,8,ch01217
z055,9,ch01219
z055,10,ch01218
z055,11,ch01230
z055,12,ch01231
z055,13,ch01228
z055,14,ch01229
z055,15,ch01222
z055,16,ch01221
z055,17,ch01234
z055,18,ch01233
z055,19,ch01227
z055,20,ch01223
z055,21,ch01224
z055,22,ch01225
z056,1,ch01168
z056,2,ch01174
z056,3,ch01169
z056,4,ch01170
z056,5,ch01182
z056,6,ch01171
z056,7,ch01173
z056,8,ch01172
z056,9,ch01186
z056,10,ch01187
z056,11,ch01184
z056,12,ch01185
z056,13,ch01176
z056,14,ch01175
z056,15,ch01189
z056,16,ch01188
z056,17,ch01183
z056,18,ch01177
z056,19,ch01178
z056,20,ch01179
z056,21,ch01180
z056,22,ch01181
z057,1,ch01191
z057,2,ch01195
z057,3,ch01210
z057,4,ch01204
z057,5,ch01192
z057,6,ch01190
z057,7,ch01194
z057,8,ch01193
z057,9,ch01208
z057,10,ch01209
z057,11,ch01206
z057,12,ch01207
z057,13,ch01197
z057,14,ch01196
z057,15,ch01212
z057,16,ch01211
z057,17,ch01205
z057,18,ch01198
z057,19,ch01199
z057,20,ch01200
z057,21,ch01201
z057,22,ch01202
z057,23,ch01203
z058,1,ch01257
z058,2,ch01261
z058,3,ch01271
z058,4,ch01258
z058,5,ch01260
z058,6,ch01259
z058,7,ch01275
z058,8,ch01276
z058,9,ch01273
z058,10,ch01274
z058,11,ch01263
z058,12,ch01262
z058,13,ch01278
z058,14,ch01277
z058,15,ch01272
z058,16,ch01264
z058,17,ch01265
z058,18,ch01266
z058,19,ch01267
z058,20,ch01268
z058,21,ch01269
z058,22,ch01270
z059,1,ch01235
z059,2,ch01240
z059,3,ch01236
z059,4,ch01254
z059,5,ch01248
z059,6,ch01237
z059,7,ch01239
z059,8,ch01238
z059,9,ch01252
z059,10,ch01253
z059,11,ch01250
z059,12,ch01251
z059,13,ch01242
z059,14,ch01241
z059,15,ch01256
z059,16,ch01255
z059,17,ch01249
z059,18,ch01243
z059,19,ch01244
z059,20,ch01245
z059,21,ch01246
z059,22,ch01247
z060,1,ch01279
z060,2,ch01283
z060,3,ch01293
z060,4,ch01280
z060,5,ch01282
z060,6,ch01281
z060,7,ch01297
z060,8,ch01298
z060,9,ch01295
z060,10,ch01296
z060,11,ch01285
z060,12,ch01284
z060,13,ch01300
z060,14,ch01299
z060,15,ch01294
z060,16,ch01286
z060,17,ch01287
z060,18,ch01288
z060,19,ch01289
z060,20,ch01290
z060,21,ch01291
z060,22,ch01292
z061,1,ch01302
z061,2,ch01308
z061,3,ch01304
z061,4,ch01303
z061,5,ch01320
z061,6,ch01301
z061,7,ch01314
z061,8,ch01305
z061,9,ch01307
z061,10,ch01306
z061,11,ch01318
z061,12,ch01319
z061,13,ch01316
z061,14,ch01317
z061,15,ch01310
z061,16,ch01309
z061,17,ch01322
z061,18,ch01321
z061,19,ch01315
z061,20,ch01311
z061,21,ch01312
z061,22,ch01313
z062,1,ch01323
z062,2,ch01328
z062,3,ch01324
z062,4,ch01343
z062,5,ch01337
z062,6,ch01325
z062,7,ch01327
z062,8,ch01326
z062,9,ch01341
z062,10,ch01342
z062,11,ch01339
z062,12,ch01340
z062,13,ch01330
z062,14,ch01329
z062,15,ch01345
z062,16,ch01344
z062,17,ch01338
z062,18,ch01331
z062,19,ch01332
z062,20,ch01333
z062,21,ch01334
z062,22,ch01335
z062,23,ch01336
z063,1,ch01412
z063,2,ch01418
z063,3,ch01414
z063,4,ch01413
z063,5,ch01428
z063,6,ch01411
z063,7,ch01422
z063,8,ch01415
z063,9,ch01417
z063,10,ch01416
z063,11,ch01426
z063,12,ch01427
z063,13,ch01424
z063,14,ch01425
z063,15,ch01420
z063,16,ch01419
z063,17,ch01430
z063,18,ch01429
z063,19,ch01423
z063,20,ch01421
z064,1,ch01388
z064,2,ch01393
z064,3,ch01389
z064,4,ch01403
z064,5,ch01390
z064,6,ch01392
z064,7,ch01391
z064,8,ch01407
z064,9,ch01408
z064,10,ch01405
z064,11,ch01406
z064,12,ch01395
z064,13,ch01394
z064,14,ch01410
z064,15,ch01409
z064,16,ch01404
z064,17,ch01396
z064,18,ch01397
z064,19,ch01398
z064,20,ch01399
z064,21,ch01400
z064,22,ch01401
z064,23,ch01402
z065,1,ch01346
z065,2,ch01352
z065,3,ch01347
z065,4,ch01348
z065,5,ch01362
z065,6,ch01356
z065,7,ch01349
z065,8,ch01351
z065,9,ch01350
z065,10,ch01360
z065,11,ch01361
z065,12,ch01358
z065,13,ch01359
z065,14,ch01354
z065,15,ch01353
z065,16,ch01364
z065,17,ch01363
z065,18,ch01357
z065,19,ch01355
z066,1,ch01365
z066,2,ch01369
z066,3,ch01381
z066,4,ch01366
z066,5,ch01368
z066,6,ch01367
z066,7,ch01384
z066,8,ch01385
z066,9,ch01383
z066,10,ch01371
z066,11,ch01370
z066,12,ch01387
z066,13,ch01386
z066,14,ch01382
z066,15,ch01372
z066,16,ch01373
z066,17,ch01374
z066,18,ch01375
z066,19,ch01376
z066,20,ch01377
z066,21,ch01378
z066,22,ch01379
z066,23,ch01380
z067,1,ch01432
z067,2,ch01438
z067,3,ch01434
z067,4,ch01433
z067,5,ch01450
z067,6,ch01431
z067,7,ch01444
z067,8,ch01435
z067,9,ch01437
z067,10,ch01436
z067,11,ch01448
z067,12,ch01449
z067,13,ch01446
z067,14,ch01447
z067,15,ch01440
z067,16,ch01439
z067,17,ch01452
z067,18,ch01451
z067,19,ch01445
z067,20,ch01441
z067,21,ch01442
z067,22,ch01443
z068,1,ch02167
z068,2,ch02168
z068,3,ch02169
z068,4,ch02170
z068,5,ch02171
z068,6,ch02172
z068,7,ch02173
z068,8,ch02174
z068,9,ch02175
z068,10,ch02176
z068,11,ch02177
z068,12,ch02178
z068,13,ch02179
z068,14,ch02180
z068,15,ch02181
z068,16,ch02182
z068,17,ch02183
z068,18,ch02184
z069,1,ch02186
z069,2,ch02192
z069,3,ch02188
z069,4,ch02187
z069,5,ch02202
z069,6,ch02185
z069,7,ch02196
z069,8,ch02189
z069,9,ch02191
z069,10,ch02190
z069,11,ch02200
z069,12,ch02201
z069,13,ch02198
z069,14,ch02199
z069,15,ch02193
z069,16,ch02194
z069,17,ch02204
z069,18,ch02203
z069,19,ch02197
z069,20,ch02195
z070,1,ch01454
z070,2,ch01459
z070,3,ch01453
z070,4,ch01455
z070,5,ch01469
z070,6,ch01463
z070,7,ch01456
z070,8,ch01458
z070,9,ch01457
z070,10,ch01467
z070,11,ch01468
z070,12,ch01465
z070,13,ch01466
z070,14,ch01461
z070,15,ch01460
z070,16,ch01471
z070,17,ch01470
z070,18,ch01464
z070,19,ch01462
z071,1,ch01472
z071,2,ch01476
z071,3,ch01487
z071,4,ch01473
z071,5,ch01475
z071,6,ch01474
z071,7,ch01491
z071,8,ch01492
z071,9,ch01489
z071,10,ch01490
z071,11,ch01478
z071,12,ch01477
z071,13,ch01494
z071,14,ch01493
z071,15,ch01488
z071,16,ch01479
z071,17,ch01480
z071,18,ch01481
z071,19,ch01482
z071,20,ch01483
z071,21,ch01484
z071,22,ch01485
z071,23,ch01486
z072,1,ch01495
z072,2,ch01500
z072,3,ch01496
z072,4,ch01514
z072,5,ch01508
z072,6,ch01497
z072,7,ch01499
z072,8,ch01498
z072,9,ch01512
z072,10,ch01513
z072,11,ch01510
z072,12,ch01511
z072,13,ch01502
z072,14,ch01501
z072,15,ch01516
z072,16,ch01515
z072,17,ch01509
z072,18,ch01503
z072,19,ch01504
z072,20,ch01505
z072,21,ch01506
z072,22,ch01507
z073,1,ch01518
z073,2,ch01524
z073,3,ch01520
z073,4,ch01519
z073,5,ch01534
z073,6,ch01517
z073,7,ch01528
z073,8,ch01521
z073,9,ch01523
z073,10,ch01522
z073,11,ch01532
z073,12,ch01533
z073,13,ch01530
z073,14,ch01531
z073,15,ch01526
z073,16,ch01525
z073,17,ch01536
z073,18,ch01535
z073,19,ch01529
z073,20,ch01527
z074,1,ch01538
z074,2,ch01539
z074,3,ch01543
z074,4,ch01552
z074,5,ch01540
z074,6,ch01542
z074,7,ch01541
z074,8,ch01556
z074,9,ch01557
z074,10,ch01554
z074,11,ch01555
z074,12,ch01545
z074,13,ch01544
z074,14,ch01560
z074,15,ch01559
z074,16,ch01553
z074,17,ch01546
z074,18,ch01547
z074,19,ch01548
z074,20,ch01549
z074,21,ch01550
z074,22,ch01551
z074,23,ch01537
z074,24,ch01558
z075,1,ch01561
z075,2,ch01566
z075,3,ch01562
z075,4,ch01575
z075,5,ch01563
z075,6,ch01565
z075,7,ch01564
z075,8,ch01579
z075,9,ch01580
z075,10,ch01577
z075,11,ch01578
z075,12,ch01568
z075,13,ch01567
z075,14,ch01582
z075,15,ch01581
z075,16,ch01576
z075,17,ch01569
z075,18,ch01570
z075,19,ch01571
z075,20,ch01572
z075,21,ch01573
z075,22,ch01574
z076,1,ch01583
z076,2,ch01584
z076,3,ch01585
z076,4,ch01586
z076,5,ch01587
z076,6,ch01588
z076,7,ch01589
z076,8,ch01590
z076,9,ch01591
z076,10,ch01592
z076,11,ch01593
z076,12,ch01594
z076,13,ch01595
z076,14,ch01596
z076,15,ch01597
z076,16,ch01598
z076,17,ch01599
z076,18,ch01600
z077,1,ch01601
z077,2,ch01606
z077,3,ch01602
z077,4,ch01615
z077,5,ch01603
z077,6,ch01605
z077,7,ch01604
z077,8,ch01619
z077,9,ch01620
z077,10,ch01617
z077,11,ch01618
z077,12,ch01608
z077,13,ch01607
z077,14,ch01622
z077,15,ch01621
z077,16,ch01616
z077,17,ch01609
z077,18,ch01610
z077,19,ch01611
z077,20,ch01612
z077,21,ch01613
z077,22,ch01614
z078,1,ch01623
z078,2,ch01627
z078,3,ch01637
z078,4,ch01624
z078,5,ch01626
z078,6,ch01625
z078,7,ch01641
z078,8,ch01642
z078,9,ch01639
z078,10,ch01640
z078,11,ch01629
z078,12,ch01628
z078,13,ch01644
z078,14,ch01643
z078,15,ch01638
z078,16,ch01630
z078,17,ch01631
z078,18,ch01632
z078,19,ch01633
z078,20,ch01634
z078,21,ch01635
z078,22,ch01636
z079,1,ch01645
z079,2,ch01649
z079,3,ch01659
z079,4,ch01646
z079,5,ch01648
z079,6,ch01647
z079,7,ch01663
z079,8,ch01664
z079,9,ch01661
z079,10,ch01662
z079,11,ch01651
z079,12,ch01650
z079,13,ch01666
z079,14,ch01665
z079,15,ch01660
z079,16,ch01652
z079,17,ch01653
z079,18,ch01654
z079,19,ch01655
z079,20,ch01656
z079,21,ch01657
z079,22,ch01658
z080,1,ch01667
z080,2,ch01672
z080,3,ch01668
z080,4,ch01681
z080,5,ch01669
z080,6,ch01671
z080,7,ch01670
z080,8,ch01685
z080,9,ch01686
z080,10,ch01683
z080,11,ch01684
z080,12,ch01674
z080,13,ch01673
z080,14,ch01688
z080,15,ch01687
z080,16,ch01682
z080,17,ch01675
z080,18,ch01676
z080,19,ch01677
z080,20,ch01678
z080,21,ch01679
z080,22,ch01680
z081,1,ch01689
z081,2,ch01694
z081,3,ch01690
z081,4,ch01703
z081,5,ch01691
z081,6,ch01693
z081,7,ch01692
z081,8,ch01707
z081,9,ch01708
z081,10,ch01705
z081,11,ch01706
z081,12,ch01696
z081,13,ch01695
z081,14,ch01710
z081,15,ch01709
z081,16,ch01704
z081,17,ch01697
z081,18,ch01698
z081,19,ch01699
z081,20,ch01700
z081,21,ch01701
z081,22,ch01702
z082,1,ch01726
z082,2,ch01727
z082,3,ch01728
z082,4,ch01729
z082,5,ch01730
z082,6,ch01731
z082,7,ch01732
z082,8,ch01733
z082,9,ch01734
z082,10,ch01735
z082,11,ch01736
z082,12,ch01737
z082,13,ch01738
z083,1,ch01739
z083,2,ch01743
z083,3,ch01725
z083,4,ch01740
z083,5,ch01742
z083,6,ch01741
z083,7,ch01750
z083,8,ch01751
z083,9,ch01745
z083,10,ch01744
z083,11,ch01753
z083,12,ch01752
z083,13,ch01749
z083,14,ch01746
z083,15,ch01747
z083,16,ch01748
z084,1,ch01712
z084,2,ch01716
z084,3,ch01711
z084,4,ch01713
z084,5,ch01715
z084,6,ch01714
z084,7,ch01721
z084,8,ch01722
z084,9,ch01718
z084,10,ch01717
z084,11,ch01724
z084,12,ch01723
z084,13,ch01720
z084,14,ch01719
z085,1,ch01755
z085,2,ch01759
z085,3,ch01754
z085,4,ch01756
z085,5,ch01758
z085,6,ch01757
z085,7,ch01789
z085,8,ch01790
z085,9,ch01761
z085,10,ch01760
z085,11,ch01792
z085,12,ch01791
z085,13,ch01788
z085,14,ch01762
z085,15,ch01763
z086,1,ch01764
z086,2,ch01765
z086,3,ch01766
z086,4,ch01767
z086,5,ch01768
z086,6,ch01769
z086,7,ch01770
z086,8,ch01771
z086,9,ch01772
z086,10,ch01773
z086,11,ch01774
z086,12,ch01775
z086,13,ch01776
z086,14,ch01777
z087,1,ch01778
z087,2,ch01779
z087,3,ch01780
z087,4,ch01781
z087,5,ch01782
z087,6,ch01783
z087,7,ch01784
z087,8,ch01785
z087,9,ch01786
z087,10,ch01787
z088,1,ch01794
z088,2,ch01795
z088,3,ch01796
z088,4,ch01797
z088,5,ch01798
z088,6,ch01799
z088,7,ch01800
z088,8,ch01801
z088,9,ch01802
z088,10,ch01803
z088,11,ch01804
z088,12,ch01805
z088,13,ch01806
z088,14,ch01807
z088,15,ch01808
z088,16,ch01809
z088,17,ch01810
z088,18,ch01811
z089,1,ch01812
z089,2,ch01825
z089,3,ch01793
z089,4,ch01813
z089,5,ch01818
z089,6,ch01814
z089,7,ch01815
z089,8,ch01817
z089,9,ch01816
z089,10,ch01827
z089,11,ch01828
z089,12,ch01820
z089,13,ch01819
z089,14,ch01830
z089,15,ch01829
z089,16,ch01826
z089,17,ch01821
z089,18,ch01822
z089,19,ch01823
z089,20,ch01824
z090,1,ch01854
z090,2,ch01874
z090,3,ch01859
z090,4,ch01855
z090,5,ch01868
z090,6,ch01856
z090,7,ch01858
z090,8,ch01857
z090,9,ch01872
z090,10,ch01873
z090,11,ch01870
z090,12,ch01871
z090,13,ch01861
z090,14,ch01860
z090,15,ch01876
z090,16,ch01875
z090,17,ch01869
z090,18,ch01862
z090,19,ch01863
z090,20,ch01864
z090,21,ch01865
z090,22,ch01866
z090,23,ch01867
z091,1,ch01901
z091,2,ch01921
z091,3,ch01906
z091,4,ch01902
z091,5,ch01915
z091,6,ch01903
z091,7,ch01905
z091,8,ch01904
z091,9,ch01919
z091,10,ch01920
z091,11,ch01917
z091,12,ch01918
z091,13,ch01908
z091,14,ch01907
z091,15,ch01923
z091,16,ch01922
z091,17,ch01916
z091,18,ch01909
z091,19,ch01910
z091,20,ch01911
z091,21,ch01912
z091,22,ch01913
z091,23,ch01914
z092,1,ch01925
z092,2,ch01944
z092,3,ch01931
z092,4,ch01926
z092,5,ch01927
z092,6,ch01924
z092,7,ch01938
z092,8,ch01928
z092,9,ch01930
z092,10,ch01929
z092,11,ch01942
z092,12,ch01943
z092,13,ch01940
z092,14,ch01941
z092,15,ch01932
z092,16,ch01933
z092,17,ch01946
z092,18,ch01945
z092,19,ch01939
z092,20,ch01934
z092,21,ch01935
z092,22,ch01936
z092,23,ch01937
z093,1,ch01877
z093,2,ch01898
z093,3,ch01882
z093,4,ch01878
z093,5,ch01892
z093,6,ch01879
z093,7,ch01881
z093,8,ch01880
z093,9,ch01896
z093,10,ch01897
z093,11,ch01894
z093,12,ch01895
z093,13,ch01884
z093,14,ch01883
z093,15,ch01900
z093,16,ch01899
z093,17,ch01893
z093,18,ch01885
z093,19,ch01886
z093,20,ch01887
z093,21,ch01888
z093,22,ch01889
z093,23,ch01890
z093,24,ch01891
z094,1,ch01947
z094,2,ch01967
z094,3,ch01952
z094,4,ch01948
z094,5,ch01961
z094,6,ch01949
z094,7,ch01951
z094,8,ch01950
z094,9,ch01965
z094,10,ch01966
z094,11,ch01963
z094,12,ch01964
z094,13,ch01954
z094,14,ch01953
z094,15,ch01969
z094,16,ch01968
z094,17,ch01962
z094,18,ch01955
z094,19,ch01956
z094,20,ch01957
z094,21,ch01958
z094,22,ch01959
z094,23,ch01960
z095,1,ch01994
z095,2,ch02014
z095,3,ch01998
z095,4,ch02008
z095,5,ch01995
z095,6,ch01997
z095,7,ch01996
z095,8,ch02012
z095,9,ch02013
z095,10,ch02010
z095,11,ch02011
z095,12,ch02000
z095,13,ch01999
z095,14,ch02016
z095,15,ch02015
z095,16,ch02009
z095,17,ch02001
z095,18,ch02002
z095,19,ch02003
z095,20,ch02004
z095,21,ch02005
z095,22,ch02006
z095,23,ch02007
z096,1,ch02017
z096,2,ch02032
z096,3,ch02022
z096,4,ch02018
z096,5,ch02026
z096,6,ch02019
z096,7,ch02021
z096,8,ch02020
z096,9,ch02030
z096,10,ch02031
z096,11,ch02028
z096,12,ch02029
z096,13,ch02024
z096,14,ch02023
z096,15,ch02034
z096,16,ch02033
z096,17,ch02027
z096,18,ch02025
z097,1,ch02035
z097,2,ch02056
z097,3,ch02040
z097,4,ch02036
z097,5,ch02050
z097,6,ch02037
z097,7,ch02039
z097,8,ch02038
z097,9,ch02054
z097,10,ch02055
z097,11,ch02052
z097,12,ch02053
z097,13,ch02042
z097,14,ch02041
z097,15,ch02058
z097,16,ch02057
z097,17,ch02051
z097,18,ch02043
z097,19,ch02044
z097,20,ch02045
z097,21,ch02046
z097,22,ch02047
z097,23,ch02048
z097,24,ch02049
z098,1,ch01831
z098,2,ch01851
z098,3,ch01836
z098,4,ch01832
z098,5,ch01845
z098,6,ch01833
z098,7,ch01835
z098,8,ch01834
z098,9,ch01849
z098,10,ch01850
z098,11,ch01847
z098,12,ch01848
z098,13,ch01838
z098,14,ch01837
z098,15,ch01853
z098,16,ch01852
z098,17,ch01846
z098,18,ch01839
z098,19,ch01840
z098,20,ch01841
z098,21,ch01842
z098,22,ch01843
z098,23,ch01844
z099,1,ch01970
z099,2,ch01991
z099,3,ch01971
z099,4,ch01985
z099,5,ch01972
z099,6,ch01974
z099,7,ch01973
z099,8,ch01989
z099,9,ch01990
z099,10,ch01987
z099,11,ch01988
z099,12,ch01976
z099,13,ch01975
z099,14,ch01993
z099,15,ch01992
z099,16,ch01986
z099,17,ch01977
z099,18,ch01978
z099,19,ch01979
z099,20,ch01980
z099,21,ch01981
z099,22,ch01982
z099,23,ch01983
z099,24,ch01984
z100,1,ch02103
z100,2,ch02118
z100,3,ch02108
z100,4,ch02104
z100,5,ch02112
z100,6,ch02105
z100,7,ch02107
z100,8,ch02106
z100,9,ch02116
z100,10,ch02117
z100,11,ch02114
z100,12,ch02115
z100,13,ch02110
z100,14,ch02109
z100,15,ch02120
z100,16,ch02119
z100,17,ch02113
z100,18,ch02111
z101,1,ch02060
z101,2,ch02076
z101,3,ch02066
z101,4,ch02061
z101,5,ch02062
z101,6,ch02059
z101,7,ch02070
z101,8,ch02063
z101,9,ch02065
z101,10,ch02064
z101,11,ch02074
z101,12,ch02075
z101,13,ch02072
z101,14,ch02073
z101,15,ch02068
z101,16,ch02067
z101,17,ch02078
z101,18,ch02077
z101,19,ch02071
z101,20,ch02069
z102,1,ch02079
z102,2,ch02100
z102,3,ch02084
z102,4,ch02080
z102,5,ch02094
z102,6,ch02081
z102,7,ch02083
z102,8,ch02082
z102,9,ch02098
z102,10,ch02099
z102,11,ch02096
z102,12,ch02097
z102,13,ch02086
z102,14,ch02085
z102,15,ch02102
z102,16,ch02101
z102,17,ch02095
z102,18,ch02087
z102,19,ch02088
z102,20,ch02089
z102,21,ch02090
z102,22,ch02091
z102,23,ch02092
z102,24,ch02093
z103,1,ch02121
z103,2,ch02141
z103,3,ch02126
z103,4,ch02122
z103,5,ch02135
z103,6,ch02123
z103,7,ch02125
z103,8,ch02124
z103,9,ch02139
z103,10,ch02140
z103,11,ch02137
z103,12,ch02138
z103,13,ch02128
z103,14,ch02127
z103,15,ch02143
z103,16,ch02142
z103,17,ch02136
z103,18,ch02129
z103,19,ch02130
z103,20,ch02131
z103,21,ch02132
z103,22,ch02133
z103,23,ch02134
z104,1,ch02144
z104,2,ch02164
z104,3,ch02149
z104,4,ch02145
z104,5,ch02158
z104,6,ch02146
z104,7,ch02148
z104,8,ch02147
z104,9,ch02162
z104,10,ch02163
z104,11,ch02160
z104,12,ch02161
z104,13,ch02151
z104,14,ch02150
z104,15,ch02166
z104,16,ch02165
z104,17,ch02159
z104,18,ch02152
z104,19,ch02153
z104,20,ch02154
z104,21,ch02155
z104,22,ch02156
z104,23,ch02157
z105,1,ch02235
z105,2,ch02236
z105,3,ch02237
z105,4,ch02238
z105,5,ch02239
z105,6,ch02240
z105,7,ch02241
z105,8,ch02242
z105,9,ch02285
z106,1,ch02205
z106,2,ch02206
z106,3,ch02207
z106,4,ch02208
z106,5,ch02209
z106,6,ch02210
z106,7,ch02211
z106,8,ch02212
z106,9,ch02213
z106,10,ch02214
z106,11,ch02215
z106,12,ch02221
z106,13,ch02222
z106,14,ch02223
z106,15,ch02224
z106,16,ch02225
z106,17,ch02226
z106,18,ch02227
z106,19,ch02228
z106,20,ch02383
z106,21,ch02631
z106,22,ch02643
z106,23,ch02645
z106,24,ch02647
z106,25,ch02659
z106,26,ch02662
z106,27,ch02278
z106,28,ch02678
z106,29,ch02683
z106,30,ch02684
z106,31,ch02686
z106,32,ch02281
z106,33,ch02282
z106,34,ch02691
z106,35,ch02693
z106,36,ch02709
z106,37,ch02712
z106,38,ch02714
z106,39,ch02715
z106,40,ch02728
z106,41,ch02732
z106,42,ch02736
z107,1,ch02229
z107,2,ch02230
z107,3,ch02231
z107,4,ch02232
z107,5,ch02233
z107,6,ch02234
z107,7,ch02636
z107,8,ch02639
z107,9,ch02650
z107,10,ch02653
z107,11,ch02655
z107,12,ch02660
z107,13,ch02670
z107,14,ch02672
z107,15,ch02678
z107,16,ch02681
z107,17,ch02682
z107,18,ch02692
z107,19,ch02695
z107,20,ch02696
z107,21,ch02698
z107,22,ch02703
z107,23,ch02704
z107,24,ch02705
z107,25,ch02706
z107,26,ch02716
z107,27,ch02717
z107,28,ch02724
z107,29,ch02726
z107,30,ch02731
z107,31,ch02733
z107,32,ch02734
z107,33,ch02737
z107,34,ch02740
z108,1,ch02352
z108,2,ch02353
z108,3,ch02354
z108,4,ch02355
z108,5,ch02356
z108,6,ch02357
z108,7,ch02358
z108,8,ch02359
z108,9,ch02360
z108,10,ch02361
z108,11,ch02362
z108,12,ch02363
z108,13,ch02364
z108,14,ch02365
z108,15,ch02378
z108,16,ch02376
z108,17,ch02372
z108,18,ch02373
z108,19,ch02379
z108,20,ch02380
z108,21,ch02381
z108,22,ch02375
z108,23,ch02374
z108,24,ch02382
z108,25,ch02377
z109,1,ch02367
z109,2,ch02368
z109,3,ch02369
z109,4,ch02370
z109,5,ch02371
z110,1,ch02293
z110,2,ch02294
z110,3,ch02295
z110,4,ch02296
z110,5,ch02297
z110,6,ch02298
z110,7,ch02299
z110,8,ch02300
z110,9,ch02301
z110,10,ch02302
z110,11,ch02303
z110,12,ch02304
z110,13,ch02305
z110,14,ch02306
z110,15,ch02307
z110,16,ch02308
z110,17,ch02309
z110,18,ch02310
z110,19,ch02311
z110,20,ch02312
z110,21,ch02313
z110,22,ch02314
z110,23,ch02315
z110,24,ch02316
z110,25,ch02317
z110,26,ch02318
z110,27,ch02319
z110,28,ch02320
z110,29,ch02321
z110,30,ch02322
z110,31,ch02323
z110,32,ch02324
z110,33,ch02325
z110,34,ch02326
z110,35,ch02327
z110,36,ch02328
z110,37,ch02329
z110,38,ch02330
z110,39,ch02331
z110,40,ch02332
z110,41,ch02333
z110,42,ch02334
z110,43,ch02335
z110,44,ch02336
z110,45,ch02337
z110,46,ch02338
z110,47,ch02339
z110,48,ch02340
z110,49,ch02341
z110,50,ch02342
z110,51,ch02343
z111,1,ch02286
z111,2,ch02287
z111,3,ch02288
z111,4,ch02289
z111,5,ch02290
z111,6,ch02291
z111,7,ch02292
z112,1,ch02243
z112,2,ch02244
z112,3,ch02245
z112,4,ch02215
z112,5,ch02223
z112,6,ch02229
z112,7,ch02383
z112,8,ch02283
z112,9,ch02284
z112,10,ch02241
z112,11,ch02242
z112,12,ch01054
z112,13,ch01079
z112,14,ch01063
z112,15,ch01088
z112,16,ch02236
z112,17,ch02235
z112,18,ch02239
z113,1,ch02384
z113,2,ch02385
z113,3,ch02386
z113,4,ch02387
z113,5,ch02388
z113,6,ch02389
z113,7,ch02390
z113,8,ch02391
z113,9,ch02392
z113,10,ch02393
z113,11,ch02394
z113,12,ch02395
z113,13,ch02396
z113,14,ch02397
z113,15,ch02398
z113,16,ch02399
z113,17,ch02400
z113,18,ch02401
z113,19,ch02402
z113,20,ch02403
z113,21,ch02404
z113,22,ch02405
z113,23,ch02406
z113,24,ch02407
z113,25,ch02408
z113,26,ch02409
z113,27,ch02410
z113,28,ch02411
z113,29,ch02412
z113,30,ch02413
z113,31,ch02414
z113,32,ch02415
z113,33,ch02416
z113,34,ch02417
z113,35,ch02418
z113,36,ch02419
z113,37,ch02420
z113,38,ch02421
z113,39,ch02422
z113,40,ch02423
z113,41,ch02424
z113,42,ch02570
z114,1,ch02414
z114,2,ch02415
z114,3,ch02417
z114,4,ch02412
z114,5,ch02416
z114,6,ch02413
z114,7,ch02418
z114,8,ch02542
z114,9,ch02543
z114,10,ch02544
z114,11,ch02545
z114,12,ch02419
z114,13,ch02420
z114,14,ch02546
z114,15,ch02547
z114,16,ch02548
z114,17,ch02549
z114,18,ch02421
z114,19,ch02550
z114,20,ch02551
z114,21,ch02552
z114,22,ch02422
z114,23,ch02553
z114,24,ch02554
z114,25,ch02555
z114,26,ch02556
z114,27,ch02557
z114,28,ch02558
z114,29,ch02559
z114,30,ch02560
z114,31,ch02561
z114,32,ch02562
z114,33,ch02563
z114,34,ch02564
z114,35,ch02565
z114,36,ch02566
z114,37,ch02567
z114,38,ch02568
z114,39,ch02569
z115,1,ch02530
z115,2,ch02392
z115,3,ch02393
z115,4,ch02394
z115,5,ch02395
z115,6,ch02396
z115,7,ch02397
z115,8,ch02398
z115,9,ch02399
z115,10,ch02400
z115,11,ch02401
z115,12,ch02409
z115,13,ch02408
z115,14,ch02410
z115,15,ch02531
z115,16,ch02532
z115,17,ch02533
z115,18,ch02534
z115,19,ch02535
z115,20,ch02536
z115,21,ch02537
z115,22,ch02538
z115,23,ch02539
z115,24,ch02540
z115,25,ch02541
z116,1,ch02468
z116,2,ch02469
z116,3,ch02408
z117,1,ch02470
z117,2,ch02471
z117,3,ch02472
z118,1,ch02473
z118,2,ch02474
z118,3,ch02475
z118,4,ch02476
z118,5,ch02477
z118,6,ch02478
z118,7,ch02479
z118,8,ch02480
z118,9,ch02481
z119,1,ch02482
z119,2,ch02483
z119,3,ch02477
z119,4,ch02484
z120,1,ch02485
z120,2,ch02486
z121,1,ch02487
z121,2,ch02488
z121,3,ch02489
z121,4,ch02411
z121,5,ch02490
z122,1,ch02491
z122,2,ch02492
z122,3,ch02493
z122,4,ch02494
z122,5,ch02495
z122,6,ch02496
z123,1,ch02497
z123,2,ch02498
z123,3,ch02499
z124,1,ch02500
z124,2,ch02501
z124,3,ch02502
z124,4,ch02503
z124,5,ch02474
z125,1,ch02504
z125,2,ch02505
z125,3,ch02506
z126,1,ch02389
z127,1,ch02560
z127,2,ch02507
z127,3,ch02508
z127,4,ch02509
z128,1,ch02510
z128,2,ch02384
z128,3,ch02511
z128,4,ch02512
z128,5,ch02513
z128,6,ch02514
z128,7,ch02515
z128,8,ch02516
z128,9,ch02517
z128,10,ch02518
z128,11,ch02519
z128,12,ch02520
z128,13,ch02521
z128,14,ch02411
z128,15,ch02522
z128,16,ch02523
z128,17,ch02524
z128,18,ch02525
z129,1,ch02526
z129,2,ch02509
z129,3,ch02527
z130,1,ch02528
z130,2,ch02529
z131,1,ch02397
z131,2,ch02398
z131,3,ch02399
z131,4,ch02400
z131,5,ch02401
z131,6,ch02393
z131,7,ch02409
z131,8,ch02408
z131,9,ch02410
z131,10,ch02531
z131,11,ch02532
z131,12,ch02533
z131,13,ch02534
z131,14,ch02535
z131,15,ch02392
z131,16,ch02536
z131,17,ch02425
z131,18,ch02426
z131,19,ch02427
z131,20,ch02428
z131,21,ch02429
z131,22,ch02430
z131,23,ch02431
z131,24,ch02432
z131,25,ch02433
z131,26,ch02434
z131,27,ch02537
z131,28,ch02538
z131,29,ch02539
z131,30,ch02540
z131,31,ch02435
z131,32,ch02436
z131,33,ch02437
z131,34,ch02438
z131,35,ch02439
z131,36,ch02440
z131,37,ch02441
z131,38,ch02442
z131,39,ch02443
z131,40,ch02444
z131,41,ch02445
z131,42,ch02446
z131,43,ch02447
z131,44,ch02448
z131,45,ch02449
z131,46,ch02450
z131,47,ch02451
z131,48,ch02452
z131,49,ch02453
z131,50,ch02454
z131,51,ch02455
z131,52,ch02456
z131,53,ch02457
z131,54,ch02458
z131,55,ch02459
z131,56,ch02460
z131,57,ch02461
z131,58,ch02462
z131,59,ch02463
z131,60,ch02464
z131,61,ch02465
z131,62,ch02466
z131,63,ch02467
z132,1,ch02246
z132,2,ch02247
z132,3,ch02248
z132,4,ch02249
z132,5,ch02250
z132,6,ch02251
z132,7,ch02252
z132,8,ch02253
z132,9,ch02241
z132,10,ch02254
z132,11,ch02255
z132,12,ch02256
z132,13,ch02243
z132,14,ch02244
z132,15,ch02257
z132,16,ch02258
z132,17,ch02259
z132,18,ch02260
z132,19,ch02261
z132,20,ch02262
z132,21,ch02263
z132,22,ch02283
z132,23,ch02264
z132,24,ch02265
z132,25,ch02266
z132,26,ch02267
z132,27,ch02245
z132,28,ch02268
z132,29,ch02269
z132,30,ch02270
z132,31,ch02284
z132,32,ch02225
z132,33,ch02224
z132,34,ch02221
z132,35,ch02271
z132,36,ch02272
z132,37,ch02273
z132,38,ch02274
z132,39,ch02275
z132,40,ch02276
z132,41,ch02277
z132,42,ch02278
z132,43,ch02209
z132,44,ch02279
z132,45,ch02280
z132,46,ch02281
z132,47,ch02282
z132,48,ch02205
z132,49,ch02207
z132,50,ch02215
z132,51,ch02220
z132,52,ch02219
z132,53,ch02218
z132,54,ch02217
z132,55,ch02216
z132,56,ch02793
z132,57,ch02643
z133,1,ch02629
z133,2,ch02631
z133,3,ch02633
z133,4,ch02634
z133,5,ch02635
z133,6,ch02637
z133,7,ch02640
z133,8,ch02641
z133,9,ch02644
z133,10,ch02646
z133,11,ch02648
z133,12,ch02649
z133,13,ch02652
z133,14,ch02654
z133,15,ch02656
z133,16,ch02658
z133,17,ch02661
z133,18,ch02663
z133,19,ch02664
z133,20,ch02665
z133,21,ch02278
z133,22,ch02666
z133,23,ch02668
z133,24,ch02669
z133,25,ch02671
z133,26,ch02674
z133,27,ch02676
z133,28,ch02677
z133,29,ch02679
z133,30,ch02680
z133,31,ch02280
z133,32,ch02685
z133,33,ch02687
z133,34,ch02688
z133,35,ch02690
z133,36,ch02697
z133,37,ch02699
z133,38,ch02700
z133,39,ch02701
z133,40,ch02702
z133,41,ch02707
z133,42,ch02708
z133,43,ch02713
z133,44,ch02719
z133,45,ch02720
z133,46,ch02721
z133,47,ch02722
z133,48,ch02725
z133,49,ch02726
z133,50,ch02727
z133,51,ch02729
z133,52,ch02738
z133,53,ch02739
z133,54,ch02741
z134,1,ch02630
z134,2,ch02632
z134,3,ch02638
z134,4,ch02642
z134,5,ch02651
z134,6,ch02657
z134,7,ch02667
z134,8,ch02673
z134,9,ch02675
z134,10,ch02689
z134,11,ch02694
z134,12,ch02710
z134,13,ch02711
z134,14,ch02718
z134,15,ch02723
z134,16,ch02730
z134,17,ch02735
z134,18,ch02742
z135,1,ch02743
z135,2,ch02744
z135,3,ch02745
z135,4,ch02637
z135,5,ch02746
z135,6,ch02747
z135,7,ch02748
z135,8,ch02749
z135,9,ch02750
z135,10,ch02751
z135,11,ch02752
z135,12,ch02753
z135,13,ch02754
z135,14,ch02755
z135,15,ch02756
z135,16,ch02757
z135,17,ch02758
z135,18,ch02759
z135,19,ch02760
z135,20,ch02761
z135,21,ch02762
z135,22,ch02763
z135,23,ch02764
z135,24,ch02765
z135,25,ch02766
z135,26,ch02767
z135,27,ch02768
z135,28,ch02769
z135,29,ch02770
z135,30,ch02771
z135,31,ch02772
z135,32,ch02773
z135,33,ch02774
z135,34,ch02775
z135,35,ch02776
z135,36,ch02777
z135,37,ch02778
z135,38,ch02779
z135,39,ch02780
z136,1,ch02275
z136,2,ch02781
z136,3,ch02782
z136,4,ch02783
z136,5,ch02784
z136,6,ch02785
z136,7,ch02280
z136,8,ch02691
z136,9,ch02786
z136,10,ch02787
z136,11,ch02788
z136,12,ch02789
z136,13,ch02790
z136,14,ch02791
z136,15,ch02792
z137,1,ch02285
z137,2,ch02571
z137,3,ch02572
z137,4,ch02573
z137,5,ch02574
z137,6,ch02575
z137,7,ch02576
z137,8,ch02577
z137,9,ch02578
z137,10,ch02579
z137,11,ch02580
z138,1,ch02626
z138,2,ch02581
z138,3,ch02582
z138,4,ch02583
z138,5,ch02584
z138,6,ch02585
z139,1,ch02586
z139,2,ch02587
z139,3,ch02588
z139,4,ch02589
z139,5,ch02590
z140,1,ch02591
z140,2,ch02592
z140,3,ch02593
z140,4,ch02594
z140,5,ch02595
z141,1,ch02596
z141,2,ch02597
z141,3,ch02598
z141,4,ch02599
z141,5,ch02600
z142,1,ch02601
z142,2,ch02602
z142,3,ch02603
z142,4,ch02604
z142,5,ch02605
z143,1,ch02606
z143,2,ch02607
z143,3,ch02608
z143,4,ch02609
z143,5,ch02610
z144,1,ch02611
z144,2,ch02612
z144,3,ch02613
z144,4,ch02614
z144,5,ch02615
z145,1,ch02616
z145,2,ch02617
z145,3,ch02618
z145,4,ch02619
z145,5,ch02620
z146,1,ch02621
z146,2,ch02622
z146,3,ch02623
z146,4,ch02624
z146,5,ch02625
