"No.","Zone Name","Zone Channel Member","Zone Channel Member RX Frequency","Zone Channel Member TX Frequency","A Channel","A Channel RX Frequency","A Channel TX Frequency","B Channel","B Channel RX Frequency","B Channel TX Frequency"
"1","Bridgeport CT","BRDCT Local|BRDCT CT SW|BRDCT MA SW|BRDCT NE Wide|BRDCT NETAC2|BRDCT NETAC1|BRDCT TAC310|BRDCT TAC311|BRDCT Northeast|BRDCT North Am|BRDCT WW Eng|BRDCT WW|BRDCT SKYWARN|BRDCT Parrot","442.20000|442.20000|442.20000|442.20000|442.20000|442.20000|442.20000|442.20000|442.20000|442.20000|442.20000|442.20000|442.20000|442.20000","447.20000|447.20000|447.20000|447.20000|447.20000|447.20000|447.20000|447.20000|447.20000|447.20000|447.20000|447.20000|447.20000|447.20000","BRDCT CT SW","442.20000","447.20000","BRDCT Local","442.20000","447.20000"
"2","Coventry CT","CVNCT Local|CVNCT CT SW|CVNCT MA SW|CVNCT NE Wide|CVNCT NETAC2|CVNCT NETAC1|CVNCT TAC310|CVNCT TAC311|CVNCT Northeast|CVNCT North Am|CVNCT WW Eng|CVNCT WW|CVNCT SKYWARN|CVNCT Parrot","449.87500|449.87500|449.87500|449.87500|449.87500|449.87500|449.87500|449.87500|449.87500|449.87500|449.87500|449.87500|449.87500|449.87500","444.87500|444.87500|444.87500|444.87500|444.87500|444.87500|444.87500|444.87500|444.87500|444.87500|444.87500|444.87500|444.87500|444.87500","CVNCT CT SW","449.87500","444.87500","CVNCT Local","449.87500","444.87500"
"3","Killingly CT","KLLCT Local|KLLCT CT SW|KLLCT MA SW|KLLCT NE Wide|KLLCT NETAC2|KLLCT NETAC1|KLLCT TAC310|KLLCT TAC311|KLLCT Northeast|KLLCT SKYWARN|KLLCT Parrot","444.85000|444.85000|444.85000|444.85000|444.85000|444.85000|444.85000|444.85000|444.85000|444.85000|444.85000","449.85000|449.85000|449.85000|449.85000|449.85000|449.85000|449.85000|449.85000|449.85000|449.85000|449.85000","KLLCT CT SW","444.85000","449.85000","KLLCT Local","444.85000","449.85000"
"4","Northford CT","NRTCT Local|NRTCT CT SW|NRTCT MA SW|NRTCT NE Wide|NRTCT NETAC2|NRTCT NETAC1|NRTCT TAC310|NRTCT TAC311|NRTCT Northeast|NRTCT North Am|NRTCT WW Eng|NRTCT WW|NRTCT SKYWARN|NRTCT Parrot","449.47500|449.47500|449.47500|449.47500|449.47500|449.47500|449.47500|449.47500|449.47500|449.47500|449.47500|449.47500|449.47500|449.47500","444.47500|444.47500|444.47500|444.47500|444.47500|444.47500|444.47500|444.47500|444.47500|444.47500|444.47500|444.47500|444.47500|444.47500","NRTCT CT SW","449.47500","444.47500","NRTCT Local","449.47500","444.47500"
"5","Norwalk CT","NRWCT Local|NRWCT CT SW|NRWCT MA SW|NRWCT NE Wide|NRWCT NETAC2|NRWCT NETAC1|NRWCT TAC310|NRWCT TAC311|NRWCT Northeast|NRWCT North Am|NRWCT WW Eng|NRWCT WW|NRWCT SKYWARN|NRWCT Parrot","448.07500|448.07500|448.07500|448.07500|448.07500|448.07500|448.07500|448.07500|448.07500|448.07500|448.07500|448.07500|448.07500|448.07500","443.07500|443.07500|443.07500|443.07500|443.07500|443.07500|443.07500|443.07500|443.07500|443.07500|443.07500|443.07500|443.07500|443.07500","NRWCT CT SW","448.07500","443.07500","NRWCT Local","448.07500","443.07500"
"6","Monroe CT","MONCT Local|MONCT CT SW|MONCT MA SW|MONCT NE Wide|MONCT NETAC2|MONCT NETAC1|MONCT TAC310|MONCT TAC311|MONCT Northeast|MONCT North Am|MONCT WW Eng|MONCT WW|MONCT SKYWARN|MONCT Parrot","444.40000|444.40000|444.40000|444.40000|444.40000|444.40000|444.40000|444.40000|444.40000|444.40000|444.40000|444.40000|444.40000|444.40000","449.40000|449.40000|449.40000|449.40000|449.40000|449.40000|449.40000|449.40000|449.40000|449.40000|449.40000|449.40000|449.40000|449.40000","MONCT CT SW","444.40000","449.40000","MONCT Local","444.40000","449.40000"
"7","Prospect CT","PRSCT Local|PRSCT CT SW|PRSCT MA SW|PRSCT NE Wide|PRSCT NETAC2|PRSCT NETAC1|PRSCT TAC310|PRSCT TAC311|PRSCT Northeast|PRSCT SKYWARN|PRSCT Parrot","448.17500|448.17500|448.17500|448.17500|448.17500|448.17500|448.17500|448.17500|448.17500|448.17500|448.17500","443.17500|443.17500|443.17500|443.17500|443.17500|443.17500|443.17500|443.17500|443.17500|443.17500|443.17500","PRSCT CT SW","448.17500","443.17500","PRSCT Local","448.17500","443.17500"
"8","Rocky Hill CT","RCKCT Local|RCKCT CT SW|RCKCT MA SW|RCKCT NE Wide|RCKCT NETAC2|RCKCT NETAC1|RCKCT TAC310|RCKCT TAC311|RCKCT Northeast|RCKCT North Am|RCKCT WW Eng|RCKCT WW|RCKCT SKYWARN|RCKCT Parrot","444.15000|444.15000|444.15000|444.15000|444.15000|444.15000|444.15000|444.15000|444.15000|444.15000|444.15000|444.15000|444.15000|444.15000","844.65000|844.65000|844.65000|844.65000|844.65000|844.65000|844.65000|844.65000|844.65000|844.65000|844.65000|844.65000|844.65000|844.65000","RCKCT CT SW","444.15000","844.65000","RCKCT Local","444.15000","844.65000"
"9","Seymour CT","SEYCT Local|SEYCT CT SW|SEYCT MA SW|SEYCT NE Wide|SEYCT NETAC2|SEYCT NETAC1|SEYCT TAC310|SEYCT TAC311|SEYCT Northeast|SEYCT North Am|SEYCT WW Eng|SEYCT WW|SEYCT SKYWARN|SEYCT Parrot","442.90000|442.90000|442.90000|442.90000|442.90000|442.90000|442.90000|442.90000|442.90000|442.90000|442.90000|442.90000|442.90000|442.90000","447.90000|447.90000|447.90000|447.90000|447.90000|447.90000|447.90000|447.90000|447.90000|447.90000|447.90000|447.90000|447.90000|447.90000","SEYCT CT SW","442.90000","447.90000","SEYCT Local","442.90000","447.90000"
"10","Augusta ME","AUGME Local|AUGME ME SW|AUGME NH SW|AUGME Reg North|AUGME NE Wide|AUGME NETAC2|AUGME NETAC1|AUGME UA Eng1|AUGME UA Eng2|AUGME TAC310|AUGME TAC311|AUGME Northeast|AUGME North Am|AUGME WW Eng|AUGME WW|AUGME SKYWARN|AUGME Parrot","145.17000|145.17000|145.17000|145.17000|145.17000|145.17000|145.17000|145.17000|145.17000|145.17000|145.17000|145.17000|145.17000|145.17000|145.17000|145.17000|145.17000","144.57000|144.57000|144.57000|144.57000|144.57000|144.57000|144.57000|144.57000|144.57000|144.57000|144.57000|144.57000|144.57000|144.57000|144.57000|144.57000|144.57000","AUGME ME SW","145.17000","144.57000","AUGME Local","145.17000","144.57000"
"11","Boothbay ME","BBYME Local|BBYME ME SW|BBYME NH SW|BBYME Reg North|BBYME NE Wide|BBYME NETAC2|BBYME NETAC1|BBYME UA Eng1|BBYME UA Eng2|BBYME TAC310|BBYME TAC311|BBYME Northeast|BBYME North Am|BBYME WW Eng|BBYME WW|BBYME SKYWARN|BBYME Parrot","145.20000|145.20000|145.20000|145.20000|145.20000|145.20000|145.20000|145.20000|145.20000|145.20000|145.20000|145.20000|145.20000|145.20000|145.20000|145.20000|145.20000","144.60000|144.60000|144.60000|144.60000|144.60000|144.60000|144.60000|144.60000|144.60000|144.60000|144.60000|144.60000|144.60000|144.60000|144.60000|144.60000|144.60000","BBYME ME SW","145.20000","144.60000","BBYME Local","145.20000","144.60000"
"12","Buckfield ME","BKFME Local|BKFME ME SW|BKFME NH SW|BKFME Reg North|BKFME NE Wide|BKFME NETAC2|BKFME NETAC1|BKFME UA Eng1|BKFME UA Eng2|BKFME TAC310|BKFME TAC311|BKFME Northeast|BKFME North Am|BKFME WW Eng|BKFME WW|BKFME SKYWARN|BKFME Parrot","145.32000|145.32000|145.32000|145.32000|145.32000|145.32000|145.32000|145.32000|145.32000|145.32000|145.32000|145.32000|145.32000|145.32000|145.32000|145.32000|145.32000","144.72000|144.72000|144.72000|144.72000|144.72000|144.72000|144.72000|144.72000|144.72000|144.72000|144.72000|144.72000|144.72000|144.72000|144.72000|144.72000|144.72000","BKFME ME SW","145.32000","144.72000","BKFME Parrot","145.32000","144.72000"
"13","Calais ME","CLSME Local|CLSME ME SW|CLSME NH SW|CLSME Reg North|CLSME NE Wide|CLSME NEWBRNSWCK|CLSME NETAC2|CLSME NETAC1|CLSME UA Eng1|CLSME UA Eng2|CLSME TAC310|CLSME TAC311|CLSME Northeast|CLSME North Am|CLSME WW Eng|CLSME WW|CLSME SKYWARN|CLSME  Parrot","147.04500|147.04500|147.04500|147.04500|147.04500|147.04500|147.04500|147.04500|147.04500|147.04500|147.04500|147.04500|147.04500|147.04500|147.04500|147.04500|147.04500|147.04500","147.64500|147.64500|147.64500|147.64500|147.64500|147.64500|147.64500|147.64500|147.64500|147.64500|147.64500|147.64500|147.64500|147.64500|147.64500|147.64500|147.64500|147.64500","CLSME ME SW","147.04500","147.64500","CLSME Local","147.04500","147.64500"
"14","Camden ME","CMDME Local|CMDME ME SW|CMDME NH SW|CMDME Reg North|CMDME NE Wide|CMDME NETAC2|CMDME NETAC1|CMDME UA Eng1|CMDME UA Eng2|CMDME TAC310|CMDME TAC311|CMDME Northeast|CMDME North Am|CMDME WW Eng|CMDME WW|CMDME SKYWARN|CMDME Parrot","145.37000|145.37000|145.37000|145.37000|145.37000|145.37000|145.37000|145.37000|145.37000|145.37000|145.37000|145.37000|145.37000|145.37000|145.37000|145.37000|145.37000","144.77000|144.77000|144.77000|144.77000|144.77000|144.77000|144.77000|144.77000|144.77000|144.77000|144.77000|144.77000|144.77000|144.77000|144.77000|144.77000|144.77000","CMDME ME SW","145.37000","144.77000","CMDME Local","145.37000","144.77000"
"15","Dexter ME","DXTME Local|DXTME ME SW|DXTME NH SW|DXTME Reg North|DXTME NE Wide|DXTME NETAC2|DXTME NETAC1|DXTME UA Eng1|DXTME UA Eng2|DXTME TAC310|DXTME TAC311|DXTME Northeast|DXTME North Am|DXTME WW Eng|DXTME WW|DXTME SKYWARN|DXTME Parrot","145.22000|145.22000|145.22000|145.22000|145.22000|145.22000|145.22000|145.22000|145.22000|145.22000|145.22000|145.22000|145.22000|145.22000|145.22000|145.22000|145.22000","144.63000|144.63000|144.63000|144.63000|144.63000|144.63000|144.63000|144.63000|144.63000|144.63000|144.63000|144.63000|144.63000|144.63000|144.63000|144.63000|144.63000","DXTME ME SW","145.22000","144.63000","DXTME Local","145.22000","144.63000"
"16","Dresden ME","DRSME Local|DRSME ME SW|DRSME NH SW|DRSME Reg North|DRSME NE Wide|DRSME NETAC2|DRSME NETAC1|DRSME UA Eng1|DRSME UA Eng2|DRSME TAC310|DRSME TAC311|DRSME Northeast|DRSME North Am|DRSME WW Eng|DRSME WW|DRSME SKYWARN|DRSME Parrot","145.43000|145.43000|145.43000|145.43000|145.43000|145.43000|145.43000|145.43000|145.43000|145.43000|145.43000|145.43000|145.43000|145.43000|145.43000|145.43000|145.43000","144.83000|144.83000|144.83000|144.83000|144.83000|144.83000|144.83000|144.83000|144.83000|144.83000|144.83000|144.83000|144.83000|144.83000|144.83000|144.83000|144.83000","DRSME ME SW","145.43000","144.83000","DRSME Local","145.43000","144.83000"
"17","Farmington ME","FRMME Local|FRMME ME SW|FRMME NH SW|FRMME Reg North|FRMME NE Wide|FRMME Northeast|FRMME North Am|FRMME WW Eng|FRMME WW|FRMME SKYWARN|FRMME Parrot","442.40000|442.40000|442.40000|442.40000|442.40000|442.40000|442.40000|442.40000|442.40000|442.40000|442.40000","447.40000|447.40000|447.40000|447.40000|447.40000|447.40000|447.40000|447.40000|447.40000|447.40000|447.40000","FRMME ME SW","442.40000","447.40000","FRMME Local","442.40000","447.40000"
"18","Fort Kent ME","FTKME Local|FTKME ME SW|FTKME NH SW|FTKME Reg North|FTKME NE Wide|FTKME NEWBRNSWCK|FTKME NETAC2|FTKME NETAC1|FTKME UA Eng1|FTKME UA Eng2|FTKME TAC310|FTKME TAC311|FTKME Northeast|FTKME North Am|FTKME WW Eng|FTKME WW|FTKME SKYWARN|FTKME Parrot","145.20000|145.20000|145.20000|145.20000|145.20000|145.20000|145.20000|145.20000|145.20000|145.20000|145.20000|145.20000|145.20000|145.20000|145.20000|145.20000|145.20000|145.20000","144.60000|144.60000|144.60000|144.60000|144.60000|144.60000|144.60000|144.60000|144.60000|144.60000|144.60000|144.60000|144.60000|144.60000|144.60000|144.60000|144.60000|144.60000","FTKME ME SW","145.20000","144.60000","FTKME Local","145.20000","144.60000"
"19","Gouldsboro ME","GLDME Local|GLDME ME SW|GLDME NH SW|GLDME Reg North|GLDME NE Wide|GLDME NEWBRNSWCK|GLDME NETAC2|GLDME NETAC1|GLDME UA Eng1|GLDME UA Eng2|GLDME TAC310|GLDME TAC311|GLDME Northeast|GLDME North Am|GLDME WW Eng|GLDME WW|GLDME SKYWARN|GLDME Parrot","145.21000|145.21000|145.21000|145.21000|145.21000|145.21000|145.21000|145.21000|145.21000|145.21000|145.21000|145.21000|145.21000|145.21000|145.21000|145.21000|145.21000|145.21000","144.61000|144.61000|144.61000|144.61000|144.61000|144.61000|144.61000|144.61000|144.61000|144.61000|144.61000|144.61000|144.61000|144.61000|144.61000|144.61000|144.61000|144.61000","GLDME ME SW","145.21000","144.61000","GLDME Local","145.21000","144.61000"
"20","Knox ME","KNXME Local|KNXME ME SW|KNXME NH SW|KNXME Reg North|KNXME NE Wide|KNXME NETAC2|KNXME NETAC1|KNXME UA Eng1|KNXME UA Eng2|KNXME TAC310|KNXME TAC311|KNXME Northeast|KNXME North Am|KNXME WW Eng|KNXME WW|KNXME SKYWARN|KNXME Parrot","145.42000|145.42000|145.42000|145.42000|145.42000|145.42000|145.42000|145.42000|145.42000|145.42000|145.42000|145.42000|145.42000|145.42000|145.42000|145.42000|145.42000","144.82000|144.82000|144.82000|144.82000|144.82000|144.82000|144.82000|144.82000|144.82000|144.82000|144.82000|144.82000|144.82000|144.82000|144.82000|144.82000|144.82000","KNXME ME SW","145.42000","144.82000","KNXME Local","145.42000","144.82000"
"21","Litchfield ME","LCHME Local|LCHME ME SW|LCHME NH SW|LCHME Reg North|LCHME NE Wide|LCHME NETAC2|LCHME NETAC1|LCHME UA Eng1|LCHME UA Eng2|LCHME TAC310|LCHME TAC311|LCHME Northeast|LCHME North Am|LCHME WW Eng|LCHME WW|LCHME SKYWARN|LCHME Parrot","146.70000|146.70000|146.70000|146.70000|146.70000|146.70000|146.70000|146.70000|146.70000|146.70000|146.70000|146.70000|146.70000|146.70000|146.70000|146.70000|146.70000","146.10000|146.10000|146.10000|146.10000|146.10000|146.10000|146.10000|146.10000|146.10000|146.10000|146.10000|146.10000|146.10000|146.10000|146.10000|146.10000|146.10000","LCHME ME SW","146.70000","146.10000","LCHME ME SW","146.70000","146.10000"
"22","Lincoln ME","LNCME Local|LNCME ME SW|LNCME NH SW|LNCME Reg North|LNCME NE Wide|LNCME NEWBRNSWCK|LNCME NETAC2|LNCME NETAC1|LNCME UA Eng1|LNCME UA Eng2|LNCME TAC310|LNCME TAC311|LNCME Northeast|LNCME North Am|LNCME WW Eng|LNCME WW|LNCME SKYWARN|LNCME Parrot","145.35000|145.35000|145.35000|145.35000|145.35000|145.35000|145.35000|145.35000|145.35000|145.35000|145.35000|145.35000|145.35000|145.35000|145.35000|145.35000|145.35000|145.35000","144.75000|144.75000|144.75000|144.75000|144.75000|144.75000|144.75000|144.75000|144.75000|144.75000|144.75000|144.75000|144.75000|144.75000|144.75000|144.75000|144.75000|144.75000","LNCME ME SW","145.35000","144.75000","LNCME Local","145.35000","144.75000"
"23","New Sharon ME","NSHME Local|NSHME ME SW|NSHME NH SW|NSHME Reg North|NSHME NE Wide|NSHME NETAC2|NSHME NETAC1|NSHME UA Eng1|NSHME UA Eng2|NSHME TAC310|NSHME TAC311|NSHME Northeast|NSHME North Am|NSHME WW Eng|NSHME WW|NSHME SKYWARN|NSHME Parrot","145.14000|145.14000|145.14000|145.14000|145.14000|145.14000|145.14000|145.14000|145.14000|145.14000|145.14000|145.14000|145.14000|145.14000|145.14000|145.14000|145.14000","144.54000|144.54000|144.54000|144.54000|144.54000|144.54000|144.54000|144.54000|144.54000|144.54000|144.54000|144.54000|144.54000|144.54000|144.54000|144.54000|144.54000","NSHME ME SW","145.14000","144.54000","NSHME Local","145.14000","144.54000"
"24","Portland ME","PTLME Local|PTLME ME SW|PTLME NH SW|PTLME Reg North|PTLME NE Wide|PTLME NETAC2|PTLME NETAC1|PTLME UA Eng1|PTLME UA Eng2|PTLME TAC310|PTLME TAC311|PTLME Northeast|PTLME North Am|PTLME WW Eng|PTLME WW|PTLME SKYWARN|PTLME Parrot","145.34000|145.34000|145.34000|145.34000|145.34000|145.34000|145.34000|145.34000|145.34000|145.34000|145.34000|145.34000|145.34000|145.34000|145.34000|145.34000|145.34000","144.74000|144.74000|144.74000|144.74000|144.74000|144.74000|144.74000|144.74000|144.74000|144.74000|144.74000|144.74000|144.74000|144.74000|144.74000|144.74000|144.74000","PTLME ME SW","145.34000","144.74000","PTLME ME SW","145.34000","144.74000"
"25","Presque Isle ME","PQIME Local|PQIME ME SW|PQIME NH SW|PQIME Reg North|PQIME NE Wide|PQIME NEWBRNSWCK|PQIME NETAC2|PQIME NETAC1|PQIME UA Eng1|PQIME UA Eng2|PQIME TAC310|PQIME TAC311|PQIME Northeast|PQIME North Am|PQIME WW Eng|PQIME WW|PQIME SKYWARN|PQIME Parrot","145.18000|145.18000|145.18000|145.18000|145.18000|145.18000|145.18000|145.18000|145.18000|145.18000|145.18000|145.18000|145.18000|145.18000|145.18000|145.18000|145.18000|145.18000","144.58000|144.58000|144.58000|144.58000|144.58000|144.58000|144.58000|144.58000|144.58000|144.58000|144.58000|144.58000|144.58000|144.58000|144.58000|144.58000|144.58000|144.58000","PQIME ME SW","145.18000","144.58000","PQIME Local","145.18000","144.58000"
"26","Shapleigh ME","SHPME Local|SHPME ME SW|SHPME NH SW|SHPME VT SW|SHPME Reg North|SHPME NE Wide|SHPME NETAC2|SHPME NETAC1|SHPME UA Eng1|SHPME UA Eng2|SHPME TAC310|SHPME TAC311|SHPME Northeast|SHPME North Am|SHPME WW Eng|SHPME WW|SHPME SKYWARN|SHPME Parrot|SHPME Audio Chck","145.11000|145.11000|145.11000|145.11000|145.11000|145.11000|145.11000|145.11000|145.11000|145.11000|145.11000|145.11000|145.11000|145.11000|145.11000|145.11000|145.11000|145.11000|145.11000","144.51000|144.51000|144.51000|144.51000|144.51000|144.51000|144.51000|144.51000|144.51000|144.51000|144.51000|144.51000|144.51000|144.51000|144.51000|144.51000|144.51000|144.51000|144.51000","SHPME ME SW","145.11000","144.51000","SHPME Local","145.11000","144.51000"
"27","Smyrna ME","SMYME Local|SMYME ME SW|SMYME NH SW|SMYME Reg North|SMYME NE Wide|SMYME NEWBRNSWCK|SMYME NETAC2|SMYME NETAC1|SMYME UA Eng1|SMYME UA Eng2|SMYME TAC310|SMYME TAC311|SMYME Northeast|SMYME North Am|SMYME WW Eng|SMYME WW|SMYME SKYWARN|SMYME Parrot","147.09000|147.09000|147.09000|147.09000|147.09000|147.09000|147.09000|147.09000|147.09000|147.09000|147.09000|147.09000|147.09000|147.09000|147.09000|147.09000|147.09000|147.09000","147.69000|147.69000|147.69000|147.69000|147.69000|147.69000|147.69000|147.69000|147.69000|147.69000|147.69000|147.69000|147.69000|147.69000|147.69000|147.69000|147.69000|147.69000","SMYME ME SW","147.09000","147.69000","SMYME Local","147.09000","147.69000"
"28","Sydney ME","SIDME Local|SIDME ME SW|SIDME NH SW|SIDME Reg North|SIDME NE Wide|SIDME NETAC2|SIDME NETAC1|SIDME UA Eng1|SIDME UA Eng2|SIDME TAC310|SIDME TAC311|SIDME Northeast|SIDME North Am|SIDME WW Eng|SIDME WW|SIDME SKYWARN|SIDME Parrot","145.24000|145.24000|145.24000|145.24000|145.24000|145.24000|145.24000|145.24000|145.24000|145.24000|145.24000|145.24000|145.24000|145.24000|145.24000|145.24000|145.24000","144.64000|144.64000|144.64000|144.64000|144.64000|144.64000|144.64000|144.64000|144.64000|144.64000|144.64000|144.64000|144.64000|144.64000|144.64000|144.64000|144.64000","SIDME ME SW","145.24000","144.64000","SIDME Local","145.24000","144.64000"
"29","Topsham ME","TPMME Local|TPMME ME SW|TPMME NH SW|TPMME Reg North|TPMME NE Wide|TPMME NETAC2|TPMME NETAC1|TPMME UA Eng1|TPMME UA Eng2|TPMME TAC310|TPMME TAC311|TPMME Northeast|TPMME North Am|TPMME WW Eng|TPMME WW|TPMME SKYWARN|TPMME Parrot","145.19000|145.19000|145.19000|145.19000|145.19000|145.19000|145.19000|145.19000|145.19000|145.19000|145.19000|145.19000|145.19000|145.19000|145.19000|145.19000|145.19000","144.59000|144.59000|144.59000|144.59000|144.59000|144.59000|144.59000|144.59000|144.59000|144.59000|144.59000|144.59000|144.59000|144.59000|144.59000|144.59000|144.59000","TPMME ME SW","145.19000","144.59000","TPMME Local","145.19000","144.59000"
"30","Bow NH","BOWNH Local|BOWNH NH SW|BOWNH Reg North|BOWNH NE Wide|BOWNH NETAC2|BOWNH NETAC1|BOWNH UA Eng1|BOWNH UA Eng2|BOWNH TAC310|BOWNH TAC311|BOWNH Northeast|BOWNH North Am|BOWNH WW Eng|BOWNH WW|BOWNH SKYWARN|BOWNH Parrot","145.17000|145.17000|145.17000|145.17000|145.17000|145.17000|145.17000|145.17000|145.17000|145.17000|145.17000|145.17000|145.17000|145.17000|145.17000|145.17000","144.57000|144.57000|144.57000|144.57000|144.57000|144.57000|144.57000|144.57000|144.57000|144.57000|144.57000|144.57000|144.57000|144.57000|144.57000|144.57000","BOWNH NH SW","145.17000","144.57000","BOWNH Local","145.17000","144.57000"
"31","Chester NH","CHSNH Local|CHSNH NH SW|CHSNH MA SW|CHSNH Reg North|CHSNH NE Wide|CHSNH NETAC2|CHSNH NETAC1|CHSNH UA Eng1|CHSNH UA Eng2|CHSNH TAC310|CHSNH TAC311|CHSNH Northeast|CHSNH North Am|CHSNH WW Eng|CHSNH WW|CHSNH SKYWARN|CHSNH Parrot","145.19000|145.19000|145.19000|145.19000|145.19000|145.19000|145.19000|145.19000|145.19000|145.19000|145.19000|145.19000|145.19000|145.19000|145.19000|145.19000|145.19000","144.59000|144.59000|144.59000|144.59000|144.59000|144.59000|144.59000|144.59000|144.59000|144.59000|144.59000|144.59000|144.59000|144.59000|144.59000|144.59000|144.59000","CHSNH NH SW","145.19000","144.59000","CHSNH Local","145.19000","144.59000"
"32","Clarksville NH","CLKNH Local|CLKNH NH SW|CLKNH VT SW|CLKNH Reg North|CLKNH NE Wide|CLKNH COOS|CLKNH NETAC2|CLKNH NETAC1|CLKNH UA Eng1|CLKNH UA Eng2|CLKNH TAC310|CLKNH TAC311|CLKNH Northeast|CLKNH North Am|CLKNH WW Eng|CLKNH WW|CLKNH SKYWARN|CLKNH Parrot","145.25000|145.25000|145.25000|145.25000|145.25000|145.25000|145.25000|145.25000|145.25000|145.25000|145.25000|145.25000|145.25000|145.25000|145.25000|145.25000|145.25000|145.25000","144.65000|144.65000|144.65000|144.65000|144.65000|144.65000|144.65000|144.65000|144.65000|144.65000|144.65000|144.65000|144.65000|144.65000|144.65000|144.65000|144.65000|144.65000","CLKNH NH SW","145.25000","144.65000","CLKNH Local","145.25000","144.65000"
"33","Concord NH","CNCNH Local|CNCNH NH SW|CNCNH Reg North|CNCNH NE Wide|CNCNH NETAC2|CNCNH NETAC1|CNCNH UA Eng1|CNCNH UA Eng2|CNCNH TAC310|CNCNH TAC311|CNCNH Northeast|CNCNH North Am|CNCNH WW Eng|CNCNH WW|CNCNH SKYWARN|CNCNH Parrot","145.42000|145.42000|145.42000|145.42000|145.42000|145.42000|145.42000|145.42000|145.42000|145.42000|145.42000|145.42000|145.42000|145.42000|145.42000|145.42000","144.82000|144.82000|144.82000|144.82000|144.82000|144.82000|144.82000|144.82000|144.82000|144.82000|144.82000|144.82000|144.82000|144.82000|144.82000|144.82000","CNCNH NH SW","145.42000","144.82000","CNCNH Local","145.42000","144.82000"
"34","Crotched MT NH","CMTNH Local|CMTNH NH SW|CMTNH MA SW|CMTNH VT SW|CMTNH Reg North|CMTNH NE Wide|CMTNH NETAC2|CMTNH NETAC1|CMTNH UA Eng1|CMTNH UA Eng2|CMTNH TAC310|CMTNH TAC311|CMTNH Northeast|CMTNH North Am|CMTNH WW Eng|CMTNH WW|CMTNH SKYWARN|CMTNH Parrot","446.97500|446.97500|446.97500|446.97500|446.97500|446.97500|446.97500|446.97500|446.97500|446.97500|446.97500|446.97500|446.97500|446.97500|446.97500|446.97500|446.97500|446.97500","441.97500|441.97500|441.97500|441.97500|441.97500|441.97500|441.97500|441.97500|441.97500|441.97500|441.97500|441.97500|441.97500|441.97500|441.97500|441.97500|441.97500|441.97500","CMTNH NH SW","446.97500","441.97500","CMTNH Local","446.97500","441.97500"
"35","Derry NH","DRYNH Local|DRYNH NH SW|DRYNH Reg North|DRYNH NE Wide|DRYNH NETAC2|DRYNH NETAC1|DRYNH UA Eng1|DRYNH UA Eng2|DRYNH TAC310|DRYNH TAC311|DRYNH Northeast|DRYNH North Am|DRYNH WW Eng|DRYNH WW|DRYNH SKYWARN|DRYNH Parrot","145.31000|145.31000|145.31000|145.31000|145.31000|145.31000|145.31000|145.31000|145.31000|145.31000|145.31000|145.31000|145.31000|145.31000|145.31000|145.31000","144.71000|144.71000|144.71000|144.71000|144.71000|144.71000|144.71000|144.71000|144.71000|144.71000|144.71000|144.71000|144.71000|144.71000|144.71000|144.71000","DRYNH NH SW","145.31000","144.71000","DRYNH Local","145.31000","144.71000"
"36","Gilford NH","GILFNH Local|GILFNH NH SW|GILFNH MA SW|GILFNH VT SW|GILFNH Reg North|GILFNH NE Wide|GILFNH NETAC2|GILFNH NETAC1|GILFNH UA Eng1|GILFNH UA Eng2|GILFNH TAC310|GILFNH TAC311|GILFNH Northeast|GILFNH North Am|GILFNH WW Eng|GILFNH WW|GILFNH SKYWARN|GILFNH Parrot","449.42500|449.42500|449.42500|449.42500|449.42500|449.42500|449.42500|449.42500|449.42500|449.42500|449.42500|449.42500|449.42500|449.42500|449.42500|449.42500|449.42500|449.42500","444.42500|444.42500|444.42500|444.42500|444.42500|444.42500|444.42500|444.42500|444.42500|444.42500|444.42500|444.42500|444.42500|444.42500|444.42500|444.42500|444.42500|444.42500","GILFNH NH SW","449.42500","444.42500","GILFNH Local","449.42500","444.42500"
"37","Gunstock NH VHF","GNVNH Local|GNVNH NH SW|GNVNH Reg North|GNVNH NE Wide|GNVNH NETAC2|GNVNH NETAC1|GNVNH UA Eng1|GNVNH UA Eng2|GNVNH TAC311|GNVNH Northeast|GNVNH North Am|GNVNH WW Eng|GNVNH WW|GNVNH SKYWARN|GNVNH Parrot","145.36000|145.36000|145.36000|145.36000|145.36000|145.36000|145.36000|145.36000|145.36000|145.36000|145.36000|145.36000|145.36000|145.36000|145.36000","144.76000|144.76000|144.76000|144.76000|144.76000|144.76000|144.76000|144.76000|144.76000|144.76000|144.76000|144.76000|144.76000|144.76000|144.76000","GNVNH NH SW","145.36000","144.76000","GNVNH Local","145.36000","144.76000"
"38","Gunstock NH UHF","GNUNH Local|GNUNH NH SW|GNUNH MA SW|GNUNH ME SW|GNUNH VT SW|GNUNH Reg North|GNUNH NE Wide|GNUNH NETAC2|GNUNH NETAC1|GNUNH UA Eng1|GNUNH UA Eng2|GNUNH TAC310|GNUNH TAC311|GNUNH Northeast|GNUNH North Am|GNUNH WW Eng|GNUNH WW|GNUNH SKYWARN|GNUNH Parrot","447.87500|447.87500|447.87500|447.87500|447.87500|447.87500|447.87500|447.87500|447.87500|447.87500|447.87500|447.87500|447.87500|447.87500|447.87500|447.87500|447.87500|447.87500|447.87500","442.84500|442.84500|442.84500|442.84500|442.84500|442.84500|442.84500|442.84500|442.84500|442.84500|442.84500|442.84500|442.84500|442.84500|442.84500|442.84500|442.84500|442.84500|442.84500","GNUNH NH SW","447.87500","442.84500","GNUNH Local","447.87500","442.84500"
"39","Gofftstown NH","GOFNH Local|GOFNH NH SW|GOFNH MA SW|GOFNH Reg North|GOFNH NE Wide|GOFNH NETAC2|GOFNH NETAC1|GOFNH UA Eng1|GOFNH UA Eng2|GOFNH TAC310|GOFNH TAC311|GOFNH Northeast|GOFNH North Am|GOFNH WW Eng|GOFNH WW|GOFNH SKYWARN|GOFNH Parrot","145.22000|145.22000|145.22000|145.22000|145.22000|145.22000|145.22000|145.22000|145.22000|145.22000|145.22000|145.22000|145.22000|145.22000|145.22000|145.22000|145.22000","144.62000|144.62000|144.62000|144.62000|144.62000|144.62000|144.62000|144.62000|144.62000|144.62000|144.62000|144.62000|144.62000|144.62000|144.62000|144.62000|144.62000","GOFNH NH SW","145.22000","144.62000","GOFNH Local","145.22000","144.62000"
"40","Hudson NH VHF","HDVNH Local|HDVNH NH SW|HDVNH Reg North|HDVNH NE Wide|HDVNH NETAC2|HDVNH NETAC1|HDVNH UA Eng1|HDVNH UA Eng2|HDVNH TAC310|HDVNH TAC311|HDVNH Northeast|HDVNH North Am|HDVNH WW Eng|HDVNH WW|HDVNH SKYWARN|HDVNH Parrot","145.26000|145.26000|145.26000|145.26000|145.26000|145.26000|145.26000|145.26000|145.26000|145.26000|145.26000|145.26000|145.26000|145.26000|145.26000|145.26000","144.66000|144.66000|144.66000|144.66000|144.66000|144.66000|144.66000|144.66000|144.66000|144.66000|144.66000|144.66000|144.66000|144.66000|144.66000|144.66000","HDVNH NH SW","145.26000","144.66000","HDVNH Local","145.26000","144.66000"
"41","Hudson NH UHF","HDUNH Local|HDUNH NH SW|HDUNH CT SW|HDUNH MA SW|HDUNH VT SW|HDUNH Reg North|HDUNH NE Wide|HDUNH NETAC2|HDUNH NETAC1|HDUNH UA Eng1|HDUNH UA Eng2|HDUNH TAC310|HDUNH TAC311|HDUNH Northeast|HDUNH North Am|HDUNH WW Eng|HDUNH WW|HDUNH SKYWARN|HDUNH Parrot","447.72500|447.72500|447.72500|447.72500|447.72500|447.72500|447.72500|447.72500|447.72500|447.72500|447.72500|447.72500|447.72500|447.72500|447.72500|447.72500|447.72500|447.72500|447.72500","442.72500|442.72500|442.72500|442.72500|442.72500|442.72500|442.72500|442.72500|442.72500|442.72500|442.72500|442.72500|442.72500|442.72500|442.72500|442.72500|442.72500|442.72500|442.72500","HDUNH NH SW","447.72500","442.72500","HDUNH Local","447.72500","442.72500"
"42","Keene NH","KNENH Local|KNENH NH SW|KNENH MA SW|KNENH VT SW|KNENH Reg North|KNENH NE Wide|KNENH NETAC2|KNENH NETAC1|KNENH UA Eng1|KNENH UA Eng2|KNENH TAC310|KNENH TAC311|KNENH Northeast|KNENH North Am|KNENH WW Eng|KNENH WW|KNENH SKYWARN|KNENH Parrot","444.65000|444.65000|444.65000|444.65000|444.65000|444.65000|444.65000|444.65000|444.65000|444.65000|444.65000|444.65000|444.65000|444.65000|444.65000|444.65000|444.65000|444.65000","449.65000|449.65000|449.65000|449.65000|449.65000|449.65000|449.65000|449.65000|449.65000|449.65000|449.65000|449.65000|449.65000|449.65000|449.65000|449.65000|449.65000|449.65000","KNENH NH SW","444.65000","449.65000","KNENH Local","444.65000","449.65000"
"43","Mt Washington NH","MTWNH Local|MTWNH ME SW|MTWNH NH SW|MTWNH Reg North|MTWNH NE Wide|MTWNH NETAC2|MTWNH NETAC1|MTWNH UA Eng1|MTWNH UA Eng2|MTWNH TAC310|MTWNH TAC311|MTWNH Northeast|MTWNH North Am|MTWNH WW Eng|MTWNH WW|MTWNH SKYWARN|MTWNH Parrot","448.97500|448.97500|448.97500|448.97500|448.97500|448.97500|448.97500|448.97500|448.97500|448.97500|448.97500|448.97500|448.97500|448.97500|448.97500|448.97500|448.97500","443.97500|443.97500|443.97500|443.97500|443.97500|443.97500|443.97500|443.97500|443.97500|443.97500|443.97500|443.97500|443.97500|443.97500|443.97500|443.97500|443.97500","MTWNH ME SW","448.97500","443.97500","MTWNH Local","448.97500","443.97500"
"44","North Conway NH","NCWNH Local|NCWNH NH SW|NCWNH ME SW|NCWNH Reg North|NCWNH NE Wide|NCWNH NETAC2|NCWNH NETAC1|NCWNH UA Eng1|NCWNH UA Eng2|NCWNH TAC310|NCWNH TAC311|NCWNH Northeast|NCWNH North Am|NCWNH WW Eng|NCWNH WW|NCWNH SKYWARN|NCWNH Parrot","448.77500|448.77500|448.77500|448.77500|448.77500|448.77500|448.77500|448.77500|448.77500|448.77500|448.77500|448.77500|448.77500|448.77500|448.77500|448.77500|448.77500","443.77500|443.77500|443.77500|443.77500|443.77500|443.77500|443.77500|443.77500|443.77500|443.77500|443.77500|443.77500|443.77500|443.77500|443.77500|443.77500|443.77500","NCWNH NH SW","448.77500","443.77500","NCWNH Local","448.77500","443.77500"
"45","Rochester NH","RCHNH Local|RCHNH NH SW|RCHNH ME SW|RCHNH Reg North|RCHNH NE Wide|RCHNH NETAC2|RCHNH NETAC1|RCHNH UA Eng1|RCHNH UA Eng2|RCHNH TAC310|RCHNH TAC311|RCHNH Northeast|RCHNH North Am|RCHNH WW Eng|RCHNH WW|RCHNH SKYWARN|RCHNH Parrot","145.24000|145.24000|145.24000|145.24000|145.24000|145.24000|145.24000|145.24000|145.24000|145.24000|145.24000|145.24000|145.24000|145.24000|145.24000|145.24000|145.24000","144.64000|144.64000|144.64000|144.64000|144.64000|144.64000|144.64000|144.64000|144.64000|144.64000|144.64000|144.64000|144.64000|144.64000|144.64000|144.64000|144.64000","RCHNH NH SW","145.24000","144.64000","RCHNH Local","145.24000","144.64000"
"46","Sanbornton NH","SANNH Local|SANNH NH SW|SANNH Reg North|SANNH NE Wide|SANNH NETAC2|SANNH NETAC1|SANNH UA Eng1|SANNH UA Eng2|SANNH TAC310|SANNH TAC311|SANNH Northeast|SANNH North Am|SANNH WW Eng|SANNH WW|SANNH SKYWARN|SANNH Parrot","145.18000|145.18000|145.18000|145.18000|145.18000|145.18000|145.18000|145.18000|145.18000|145.18000|145.18000|145.18000|145.18000|145.18000|145.18000|145.18000","144.58000|144.58000|144.58000|144.58000|144.58000|144.58000|144.58000|144.58000|144.58000|144.58000|144.58000|144.58000|144.58000|144.58000|144.58000|144.58000","SANNH NH SW","145.18000","144.58000","SANNH Local","145.18000","144.58000"
"47","Sommersworth NH","SOMNH Local|SOMNH NH SW|SOMNH Reg North|SOMNH NE Wide|SOMNH NETAC2|SOMNH NETAC1|SOMNH UA Eng1|SOMNH UA Eng2|SOMNH TAC310|SOMNH TAC311|SOMNH Northeast|SOMNH North Am|SOMNH WW Eng|SOMNH WW|SOMNH SKYWARN|SOMNH Parrot","145.18000|145.18000|145.18000|145.18000|145.18000|145.18000|145.18000|145.18000|145.18000|145.18000|145.18000|145.18000|145.18000|145.18000|145.18000|145.18000","144.58000|144.58000|144.58000|144.58000|144.58000|144.58000|144.58000|144.58000|144.58000|144.58000|144.58000|144.58000|144.58000|144.58000|144.58000|144.58000","SOMNH NH SW","145.18000","144.58000","SOMNH Local","145.18000","144.58000"
"48","Wakefield NH","WKFNH Local|WKFNH NH SW|WKFNH ME SW|WKFNH Reg North|WKFNH NE Wide|WKFNH NETAC2|WKFNH NETAC1|WKFNH UA Eng1|WKFNH UA Eng2|WKFNH TAC310|WKFNH TAC311|WKFNH Northeast|WKFNH North Am|WKFNH WW Eng|WKFNH WW|WKFNH SKYWARN|WKFNH Parrot","145.28000|145.28000|145.28000|145.28000|145.28000|145.28000|145.28000|145.28000|145.28000|145.28000|145.28000|145.28000|145.28000|145.28000|145.28000|145.28000|145.28000","144.68000|144.68000|144.68000|144.68000|144.68000|144.68000|144.68000|144.68000|144.68000|144.68000|144.68000|144.68000|144.68000|144.68000|144.68000|144.68000|144.68000","WKFNH NH SW","145.28000","144.68000","WKFNH Local","145.28000","144.68000"
"49","West Ossipee NH","WOSNH Local|WOSNH NH SW|WOSNH ME SW|WOSNH Reg North|WOSNH NE Wide|WOSNH NETAC2|WOSNH NETAC1|WOSNH UA Eng1|WOSNH UA Eng2|WOSNH TAC310|WOSNH TAC311|WOSNH Northeast|WOSNH North Am|WOSNH WW Eng|WOSNH WW|WOSNH SKYWARN|WOSNH Parrot","147.07500|147.07500|147.07500|147.07500|147.07500|147.07500|147.07500|147.07500|147.07500|147.07500|147.07500|147.07500|147.07500|147.07500|147.07500|147.07500|147.07500","146.47500|146.47500|146.47500|146.47500|146.47500|146.47500|146.47500|146.47500|146.47500|146.47500|146.47500|146.47500|146.47500|146.47500|146.47500|146.47500|146.47500","WOSNH NH SW","147.07500","146.47500","WOSNH Local","147.07500","146.47500"
"50","Bolton VT","BOLVT Local|BOLVT VT SW|BOLVT NH SW|BOLVT MA SW|BOLVT Reg North|BOLVT NE Wide|BOLVT NETAC2|BOLVT NETAC1|BOLVT UA Eng1|BOLVT UA Eng2|BOLVT TAC310|BOLVT TAC311|BOLVT Northeast|BOLVT North Am|BOLVT WW Eng|BOLVT WW|BOLVT SKYWARN|BOLVT Parrot","445.07500|445.07500|445.07500|445.07500|445.07500|445.07500|445.07500|445.07500|445.07500|445.07500|445.07500|445.07500|445.07500|445.07500|445.07500|445.07500|445.07500|445.07500","440.07500|440.07500|440.07500|440.07500|440.07500|440.07500|440.07500|440.07500|440.07500|440.07500|440.07500|440.07500|440.07500|440.07500|440.07500|440.07500|440.07500|440.07500","BOLVT VT SW","445.07500","440.07500","BOLVT Local","445.07500","440.07500"
"51","Brattleboro VT","BRTVT Local|BRTVT VT SW|BRTVT NH SW|BRTVT MA SW|BRTVT Reg North|BRTVT NE Wide|BRTVT NETAC2|BRTVT NETAC1|BRTVT UA Eng1|BRTVT UA Eng2|BRTVT TAC310|BRTVT TAC311|BRTVT Northeast|BRTVT North Am|BRTVT WW Eng|BRTVT WW|BRTVT SKYWARN|BRTVT Parrot","444.40000|444.40000|444.40000|444.40000|444.40000|444.40000|444.40000|444.40000|444.40000|444.40000|444.40000|444.40000|444.40000|444.40000|444.40000|444.40000|444.40000|444.40000","449.40000|449.40000|449.40000|449.40000|449.40000|449.40000|449.40000|449.40000|449.40000|449.40000|449.40000|449.40000|449.40000|449.40000|449.40000|449.40000|449.40000|449.40000","BRTVT VT SW","444.40000","449.40000","BRTVT Local","444.40000","449.40000"
"52","Burlington VT","BRLVT Local|BRLVT VT SW|BRLVT NH SW|BRLVT MA SW|BRLVT Reg North|BRLVT NE Wide|BRLVT NETAC2|BRLVT NETAC1|BRLVT UA Eng1|BRLVT UA Eng2|BRLVT TAC310|BRLVT TAC311|BRLVT Northeast|BRLVT North Am|BRLVT WW Eng|BRLVT WW|BRLVT SKYWARN|BRLVT Parrot","446.47500|446.47500|446.47500|446.47500|446.47500|446.47500|446.47500|446.47500|446.47500|446.47500|446.47500|446.47500|446.47500|446.47500|446.47500|446.47500|446.47500|446.47500","441.47500|441.47500|441.47500|441.47500|441.47500|441.47500|441.47500|441.47500|441.47500|441.47500|441.47500|441.47500|441.47500|441.47500|441.47500|441.47500|441.47500|441.47500","BRLVT VT SW","446.47500","441.47500","BRLVT Local","446.47500","441.47500"
"53","Corinth VT","CORVT Local|CORVT VT SW|CORVT NH SW|CORVT MA SW|CORVT Reg North|CORVT NE Wide|CORVT NETAC2|CORVT NETAC1|CORVT UA Eng1|CORVT UA Eng2|CORVT TAC310|CORVT TAC311|CORVT Northeast|CORVT North Am|CORVT WW Eng|CORVT WW|CORVT SKYWARN|CORVT Parrot","443.90000|443.90000|443.90000|443.90000|443.90000|443.90000|443.90000|443.90000|443.90000|443.90000|443.90000|443.90000|443.90000|443.90000|443.90000|443.90000|443.90000|443.90000","448.90000|448.90000|448.90000|448.90000|448.90000|448.90000|448.90000|448.90000|448.90000|448.90000|448.90000|448.90000|448.90000|448.90000|448.90000|448.90000|448.90000|448.90000","CORVT VT SW","443.90000","448.90000","CORVT Local","443.90000","448.90000"
"54","Jay Peak VT","JAYVT Local|JAYVT VT SW|JAYVT NH SW|JAYVT Reg North|JAYVT NE Wide|JAYVT NETAC2|JAYVT NETAC1|JAYVT UA Eng1|JAYVT UA Eng2|JAYVT TAC310|JAYVT TAC311|JAYVT Northeast|JAYVT North Am|JAYVT WW Eng|JAYVT WW|JAYVT SKYWARN|JAYVT Parrot","446.37500|446.37500|446.37500|446.37500|446.37500|446.37500|446.37500|446.37500|446.37500|446.37500|446.37500|446.37500|446.37500|446.37500|446.37500|446.37500|446.37500","441.37500|441.37500|441.37500|441.37500|441.37500|441.37500|441.37500|441.37500|441.37500|441.37500|441.37500|441.37500|441.37500|441.37500|441.37500|441.37500|441.37500","JAYVT VT SW","446.37500","441.37500","JAYVT Local","446.37500","441.37500"
"55","Lyndon VT","LYNVT Local|LYNVT VT SW|LYNVT NH SW|LYNVT MA SW|LYNVT Reg North|LYNVT NE Wide|LYNVT NETAC2|LYNVT NETAC1|LYNVT UA Eng1|LYNVT UA Eng2|LYNVT TAC310|LYNVT TAC311|LYNVT Northeast|LYNVT North Am|LYNVT WW Eng|LYNVT WW|LYNVT SKYWARN|LYNVT Parrot","448.57500|448.57500|448.57500|448.57500|448.57500|448.57500|448.57500|448.57500|448.57500|448.57500|448.57500|448.57500|448.57500|448.57500|448.57500|448.57500|448.57500|448.57500","443.57500|443.57500|443.57500|443.57500|443.57500|443.57500|443.57500|443.57500|443.57500|443.57500|443.57500|443.57500|443.57500|443.57500|443.57500|443.57500|443.57500|443.57500","LYNVT VT SW","448.57500","443.57500","LYNVT Local","448.57500","443.57500"
"56","Monkton VT","MNKVT Local|MNKVT VT SW|MNKVT NH SW|MNKVT MA SW|MNKVT Reg North|MNKVT NE Wide|MNKVT NETAC2|MNKVT NETAC1|MNKVT UA Eng1|MNKVT UA Eng2|MNKVT TAC310|MNKVT TAC311|MNKVT Northeast|MNKVT North Am|MNKVT WW Eng|MNKVT WW|MNKVT SKYWARN|MNKVT Parrot","443.75000|443.75000|443.75000|443.75000|443.75000|443.75000|443.75000|443.75000|443.75000|443.75000|443.75000|443.75000|443.75000|443.75000|443.75000|443.75000|443.75000|443.75000","448.75000|448.75000|448.75000|448.75000|448.75000|448.75000|448.75000|448.75000|448.75000|448.75000|448.75000|448.75000|448.75000|448.75000|448.75000|448.75000|448.75000|448.75000","MNKVT VT SW","443.75000","448.75000","MNKVT Local","443.75000","448.75000"
"57","Mt Ascutney VT","ASCVT Local|ASCVT VT SW|ASCVT NH SW|ASCVT MA SW|ASCVT Reg North|ASCVT NE Wide|ASCVT NETAC2|ASCVT NETAC1|ASCVT UA Eng1|ASCVT UA Eng2|ASCVT TAC310|ASCVT TAC311|ASCVT Northeast|ASCVT North Am|ASCVT WW Eng|ASCVT WW|ASCVT SKYWARN|ASCVT Parrot","448.47500|448.47500|448.47500|448.47500|448.47500|448.47500|448.47500|448.47500|448.47500|448.47500|448.47500|448.47500|448.47500|448.47500|448.47500|448.47500|448.47500|448.47500","443.47500|443.47500|443.47500|443.47500|443.47500|443.47500|443.47500|443.47500|443.47500|443.47500|443.47500|443.47500|443.47500|443.47500|443.47500|443.47500|443.47500|443.47500","ASCVT VT SW","448.47500","443.47500","ASCVT Local","448.47500","443.47500"
"58","Mt Equinox VT","EQXVT Local|EQXVT VT SW|EQXVT MA SW|EQXVT Reg North|EQXVT NE Wide|EQXVT NETAC2|EQXVT NETAC1|EQXVT UA Eng1|EQXVT UA Eng2|EQXVT TAC310|EQXVT TAC311|EQXVT Northeast|EQXVT North Am|EQXVT WW Eng|EQXVT WW|EQXVT SKYWARN|EQXVT Parrot","441.35000|441.35000|441.35000|441.35000|441.35000|441.35000|441.35000|441.35000|441.35000|441.35000|441.35000|441.35000|441.35000|441.35000|441.35000|441.35000|441.35000","446.35000|446.35000|446.35000|446.35000|446.35000|446.35000|446.35000|446.35000|446.35000|446.35000|446.35000|446.35000|446.35000|446.35000|446.35000|446.35000|446.35000","EQXVT VT SW","441.35000","446.35000","EQXVT Local","441.35000","446.35000"
"59","Mt Snow VT","SNWVT Local|SNWVT VT SW|SNWVT NH SW|SNWVT MA SW|SNWVT Reg North|SNWVT NE Wide|SNWVT NETAC2|SNWVT NETAC1|SNWVT UA Eng1|SNWVT UA Eng2|SNWVT TAC310|SNWVT TAC311|SNWVT Northeast|SNWVT North Am|SNWVT WW Eng|SNWVT WW|SNWVT SKYWARN|SNWVT Parrot","446.27500|446.27500|446.27500|446.27500|446.27500|446.27500|446.27500|446.27500|446.27500|446.27500|446.27500|446.27500|446.27500|446.27500|446.27500|446.27500|446.27500|446.27500","441.27500|441.27500|441.27500|441.27500|441.27500|441.27500|441.27500|441.27500|441.27500|441.27500|441.27500|441.27500|441.27500|441.27500|441.27500|441.27500|441.27500|441.27500","SNWVT VT SW","446.27500","441.27500","SNWVT Local","446.27500","441.27500"
"60","Pico Peak VT","PICVT Local|PICVT VT SW|PICVT NH SW|PICVT MA SW|PICVT Reg North|PICVT NE Wide|PICVT NETAC2|PICVT NETAC1|PICVT UA Eng1|PICVT UA Eng2|PICVT TAC310|PICVT TAC311|PICVT Northeast|PICVT North Am|PICVT WW Eng|PICVT WW|PICVT SKYWARN|PICVT Parrot","444.50000|444.50000|444.50000|444.50000|444.50000|444.50000|444.50000|444.50000|444.50000|444.50000|444.50000|444.50000|444.50000|444.50000|444.50000|444.50000|444.50000|444.50000","449.50000|449.50000|449.50000|449.50000|449.50000|449.50000|449.50000|449.50000|449.50000|449.50000|449.50000|449.50000|449.50000|449.50000|449.50000|449.50000|449.50000|449.50000","PICVT VT SW","444.50000","449.50000","PICVT Local","444.50000","449.50000"
"61","Warren VT","WARVT Local|WARVT VT SW|WARVT NH SW|WARVT MA SW|WARVT Reg North|WARVT NE Wide|WARVT NETAC2|WARVT NETAC1|WARVT UA Eng1|WARVT UA Eng2|WARVT TAC310|WARVT TAC311|WARVT Northeast|WARVT North Am|WARVT WW Eng|WARVT WW|WARVT SKYWARN|WARVT Parrot","449.47500|449.47500|449.47500|449.47500|449.47500|449.47500|449.47500|449.47500|449.47500|449.47500|449.47500|449.47500|449.47500|449.47500|449.47500|449.47500|449.47500|449.47500","444.47500|444.47500|444.47500|444.47500|444.47500|444.47500|444.47500|444.47500|444.47500|444.47500|444.47500|444.47500|444.47500|444.47500|444.47500|444.47500|444.47500|444.47500","WARVT VT SW","449.47500","444.47500","WARVT Local","449.47500","444.47500"
"62","Williamstown VT","WLMVT Local|WLMVT VT SW|WLMVT NH SW|WLMVT MA SW|WLMVT Reg North|WLMVT NE Wide|WLMVT NETAC2|WLMVT NETAC1|WLMVT UA Eng1|WLMVT UA Eng2|WLMVT TAC310|WLMVT TAC311|WLMVT Northeast|WLMVT North Am|WLMVT WW Eng|WLMVT WW|WLMVT SKYWARN|WLMVT Parrot","448.87500|448.87500|448.87500|448.87500|448.87500|448.87500|448.87500|448.87500|448.87500|448.87500|448.87500|448.87500|448.87500|448.87500|448.87500|448.87500|448.87500|448.87500","443.87500|443.87500|443.87500|443.87500|443.87500|443.87500|443.87500|443.87500|443.87500|443.87500|443.87500|443.87500|443.87500|443.87500|443.87500|443.87500|443.87500|443.87500","WLMVT VT SW","448.87500","443.87500","WLMVT Local","448.87500","443.87500"
"63","Simplex","DMRS 145.510|DMRS 146.790|DMRS 441.000|DMRS 446.500|DMRS 446.075|DMRS 443.450|2m Call 146.52|70cm Call 446.00|APRS Analog|1.25m Calling","145.51000|146.79000|441.00000|440.00000|446.07500|443.45000|146.52000|446.00000|144.39000|223.50000","145.51000|146.79000|441.00000|440.00000|446.07500|443.45000|146.52000|446.00000|144.39000|223.50000","2m Call 146.52","146.52000","146.52000","DMRS 145.510","145.51000","145.51000"
"64","Southern ME","WJ1L Alfred 2m|WJ1L Alfred 70cm|W1BHR Alfred|KQ1L York|KQ1L Buckfield|N1ROA Sanford|K1AAM Hiram|N1SNR Westbrook|K1AAM Naples|WJ1L Lyman|W1QUI Falmouth|W1KVI Falmouth|K1SA Portland|K1MV Gray|W1NPP Poland|W1NPP Auburn|WZ1J Brunswick|W1PIG Wales ME|W1IF Hebron ME|KQ1L Augusta|WS1EC","145.41000|448.72500|147.34500|147.18000|146.88000|146.80500|147.01500|147.27000|146.83500|146.92500|147.09000|146.73000|147.36000|147.04500|147.31500|146.61000|147.13500|145.29000|224.62000|224.72000|449.22500","144.81000|443.72500|147.94500|147.78000|146.28000|146.20500|147.61500|147.87000|146.23500|146.32500|147.69000|146.13000|147.96000|147.64500|147.91500|146.01000|147.73500|144.69000|223.02000|223.12000|444.22500","N1ROA Sanford","146.80500","146.20500","WJ1L Alfred 2m","145.41000","144.81000"
"65","Northern ME","Corinna 220|Corinna 440|KA1EKS Millinckt|KQ1L Lincoln|N1BUG Brownville|K1PQ Brownville|KB1ZQY Milo|AA1PN Exeter","224.84000|449.72500|145.25000|147.00000|147.10500|444.95000|147.15000|224.24000","223.24000|444.72500|144.65000|147.60000|147.70500|449.95000|147.75000|222.64000","Corinna 440","449.72500","444.72500","KA1EKS Millinckt","145.25000","144.65000"
"66","NH Analog","W1NH Mt Washing|W1BST Ossipee|W1WU Osspee NH|W1JY Gilford NH|W1SRA Saddleback|W1ALE Merrimack|K1CA Derry NH|K1EME Cannon Mt|N1AKE Ptsfld NH|N1KN Exeter NH","146.65500|147.03000|224.60000|146.98500|147.00000|146.94000|146.85000|224.08000|224.54000|224.22000","146.05500|147.63000|223.00000|146.38500|146.40000|146.34000|146.25000|222.48000|222.94000|222.62000","W1BST Ossipee","147.03000","147.63000","W1NH Mt Washing","146.65500","146.05500"
"67","220","New Durham NH|Ossipee NH|Dover NH","224.02000|224.60000|224.78000","222.42000|223.00000|223.18000","New Durham NH","224.02000","222.42000","Ossipee NH","224.60000","223.00000"
"68","GMRS","GMRS 1|GMRS 2|GMRS 3|GMRS 4|GMRS 5|GMRS 6|GMRS 7|GMRS 8|GMRS 9|GMRS 10|GMRS 11|GMRS 12|GMRS 13|GMRS 14|GMRS 15-1|GMRS 16-2|GMRS 17-3|GMRS 18-4|GMRS 19-5|GMRS 20-6|GMRS 21-7|GMRS 22-8|Waterboro-575|Hiram-575|Shapleigh-Pub|Shapleigh-Fam|Portland-725|Falmouth-650|Gray-625|Brunswick-700|Woodstock-675|Milton-700|Ossipee-550","462.56250|462.58750|462.61250|462.63750|462.66250|462.68750|462.71250|467.56250|467.58750|467.61250|467.63750|467.66250|467.68750|467.71250|462.55000|462.57500|462.60000|462.62500|462.65000|462.67500|462.70000|462.72500|462.57500|462.57500|462.60000|462.60000|462.72500|462.65000|462.62500|462.70000|462.67500|462.70000|462.55000","462.56250|462.58750|462.61250|462.63750|462.66250|462.68750|462.71250|467.56250|467.58750|467.61250|467.63750|467.66250|467.68750|467.71250|462.55000|462.57500|462.60000|462.62500|462.65000|462.67500|462.70000|462.72500|467.57500|467.57500|467.60000|467.60000|467.72500|467.50000|467.62500|467.70000|467.67500|467.70000|467.55000","GMRS 15-1","462.55000","462.55000","Waterboro-575","462.57500","467.57500"
"69","MURS","MURS 1 (82)|MURS 2 (88)|MURS 3 (94)|Blue Dot|Green Dot","151.82000|151.88000|151.94000|154.57000|154.60000","151.82000|151.88000|151.94000|154.57000|154.60000","MURS 2 (88)","151.88000","151.88000","MURS 1 (82)","151.82000","151.82000"
"70","Marine","Marine 01A|Marine 05A|Marine 6|Marine 07A|Marine 8|Marine 9|Marine 10|Marine 11|Marine 12|Marine 13|Marine 14|Marine 15|Marine 16|Marine 17|Marine 18A|Marine 19A|Marine 20|Marine 20A|Marine 21A|Marine 22A|Marine 23A|Marine 24|Marine 25|Marine 26|Marine 27|Marine 28|Marine 63A|Marine 65A|Marine 66A|Marine 67|Marine 68|Marine 69|Marine 70|Marine 71|Marine 72|Marine 73|Marine 74|Marine 77|Marine 78A|Marine 79A|Marine 80A|Marine 81A|Marine 82A|Marine 83A|Marine 84|Marine 85|Marine 86|Marine 87|Marine 88|Marine AIS 1|Marine AIS 2","156.05000|156.25000|156.30000|156.35000|156.40000|156.45000|156.50000|156.55000|156.60000|156.65000|156.70000|156.75000|156.80000|156.85000|156.90000|156.95000|161.60000|157.00000|157.05000|157.10000|157.15000|161.80000|161.85000|161.90000|161.95000|162.00000|156.17500|156.27500|156.32500|156.37500|156.42500|156.47500|156.52500|156.57500|156.62500|156.67500|156.72500|156.87500|156.92500|156.97500|157.02500|157.07500|157.12500|157.17500|161.82500|161.87500|161.92500|157.37500|157.42500|161.97500|162.02500","156.05000|156.25000|156.30000|156.35000|156.40000|156.45000|156.50000|156.55000|156.60000|156.65000|156.70000|156.75000|156.80000|156.85000|156.90000|156.95000|157.00000|157.00000|157.05000|157.10000|157.15000|157.20000|157.25000|157.30000|157.35000|157.40000|156.17500|156.27500|156.32500|156.37500|156.42500|156.47500|156.52500|156.57500|156.62500|156.67500|156.72500|156.87500|156.92500|156.97500|157.02500|157.07500|157.12500|157.17500|157.22500|157.27500|157.32500|157.37500|157.42500|161.97500|162.02500","Marine 05A","156.25000","156.25000","Marine 01A","156.05000","156.05000"
"71","Weather","Weather 1|Weather 2|Weather 3|Weather 4|Weather 5|Weather 6|Weather 7","162.40000|162.42500|162.45000|162.47500|162.50000|162.52500|162.55000","162.40000|162.42500|162.45000|162.47500|162.50000|162.52500|162.55000","Weather 2","162.42500","162.42500","Weather 1","162.40000","162.40000"
"72","CCEMA","CCEMA DIR|CCEMA RPTR|CCEMA TAC 1|CCEMA TAC 2|CCEMA TAC 3|CCEMA TAC 4|CCEMA TAC 5|C1 SWSP|C2 NWC/C|C3 EMS2 LASR|C4 SPC/C|C5 ST FIRE|C6 SWC/C|C7 VCALL 10|VTAC 11|VTAC 12|VTAC 13|VTAC 14|VTAC 33|VTAC 34|VTAC 35|VTAC 36|VTAC 37|VTAC 38|CHF 265|CHF 280|CHF 295|EMS-1|RN OSSIPEE Z|RN SPRUCE Z|RN GRAY|RN HOSAC|RN PLEASANT|RN AGGAMNT|RN YORK Z|RN GRANITE|RN HUNTOON|RN WHITN Z|RN CADDY Z|CG81 CBERG|CCFIRE|CCLAW","155.76000|155.76000|155.10000|155.64000|155.68500|155.95500|155.37000|155.71000|155.47500|155.16000|154.93500|154.31000|154.69500|155.75250|151.13750|154.45250|158.73750|159.47250|159.47250|158.73750|159.47250|151.13750|154.45250|158.73750|154.26500|154.28000|154.29500|155.38500|172.42500|172.77500|151.16000|169.88750|169.66250|155.45250|159.45000|151.35500|160.53000|161.13000|160.89000|157.07500|155.62500|154.87500","155.76000|155.10000|155.10000|155.64000|155.68500|155.95500|155.37000|155.71000|155.47500|155.16000|154.93500|154.31000|154.69500|155.75250|151.13750|154.45250|158.73750|159.47250|151.13750|154.45250|158.73750|159.47250|158.73750|159.47250|154.26500|154.28000|154.29500|155.38500|159.33000|161.46000|155.97000|159.16500|163.57500|156.15000|153.92000|159.38250|159.28500|159.40500|165.13750|157.07500|160.45500|160.54500","CCEMA RPTR","155.76000","155.10000","CCEMA DIR","155.76000","155.76000"
