"No.","Receive Frequency","Transmit Frequency","Color Code","Slot","Name"
"1","447.72500","442.72500","1","Slot2","Bridgeport CT"
"2","449.87500","444.87500","1","Slot2","Coventry CT"
"3","444.85000","449.85000","1","Slot2","Killingly CT"
"4","449.47500","444.47500","1","Slot2","Northford CT"
"5","448.07500","443.07500","1","Slot2","Norwalk CT"
"6","444.40000","449.40000","3","Slot2","Monroe CT"
"7","448.17500","443.17500","1","Slot2","Prospect CT"
"8","444.15000","400.00000","3","Slot2","Rocky Hill CT"
"9","442.90000","447.90000","1","Slot2","Seymour CT"
"10","145.17000","144.57000","12","Slot2","Augusta ME"
"11","145.16000","144.56000","12","Slot2","Bridgton ME"
"12","145.20000","144.60000","12","Slot2","Boothbay ME"
"13","145.32000","144.72000","12","Slot2","Buckfield ME"
"14","147.04500","147.64500","1","Slot2","Calais ME"
"15","145.37000","144.77000","12","Slot2","Camden ME"
"16","145.22000","144.63000","0","Slot2","Dexter ME"
"17","145.43000","144.83000","0","Slot2","Dresden ME"
"18","442.40000","447.40000","11","Slot2","Farmington ME"
"19","145.20000","144.60000","12","Slot2","Fort Kent ME"
"20","145.21000","144.61000","12","Slot2","Gouldsboro ME"
"21","145.31000","144.71000","10","Slot2","Holden ME"
"22","145.42000","144.82000","12","Slot2","Knox ME"
"23","145.35000","144.75000","12","Slot2","Lincoln ME"
"24","146.70000","146.10000","12","Slot2","Litchfield ME"
"25","145.14000","144.54000","11","Slot2","New Sharon ME"
"26","145.19000","144.59000","13","Slot2","Peru ME"
"27","145.34000","144.74000","12","Slot2","Portland ME"
"28","145.18000","144.58000","12","Slot2","Presque Isle ME"
"29","147.09000","147.69000","12","Slot2","Smyrna ME"
"30","145.11000","144.51000","4","Slot2","Shapleigh ME"
"31","145.24000","144.64000","12","Slot2","Sindey ME"
"32","145.19000","144.59000","13","Slot2","Topsham ME"
"33","145.17000","144.57000","8","Slot2","Bow NH"
"34","145.19000","144.59000","9","Slot2","Chester NH"
"35","145.25000","144.65000","0","Slot2","Clarksville NH"
"36","145.42000","144.82000","7","Slot2","Concord NH"
"37","446.97500","441.97500","10","Slot2","Crotched Mtn"
"38","145.31000","144.71000","1","Slot2","Derry NH"
"39","449.42500","444.42500","3","Slot2","Goilford, NH"
"40","145.36000","144.76000","3","Slot2","Gunstoch NH VHF"
"41","447.87500","442.87500","9","Slot2","Gunstock NH UHF"
"42","145.22000","144.62000","11","Slot2","Gofftstown NH"
"43","447.72500","442.72500","1","Slot2","Hudson NH UHF"
"44","145.26000","144.66000","5","Slot2","Hudson NH VHF"
"45","444.65000","449.65000","1","Slot2","Keene NH"
"46","448.97500","443.97500","2","Slot2","Mt Washington NH"
"47","448.77500","443.77500","2","Slot2","North Conway NH"
"48","444.55000","449.55000","5","Slot2","Portsmouth NH"
"49","145.24000","144.64000","3","Slot2","Rochester NH"
"50","145.18000","144.58000","6","Slot2","Sanbornton NH"
"51","145.18000","144.58000","5","Slot2","Sommersworth NH"
"52","145.28000","144.68000","7","Slot2","Wakefield NH"
"53","147.07500","146.47500","6","Slot2","West Ossipee NH"
"54","448.57500","443.57500","4","Slot2","Henniker NH"
"55","445.07500","440.07500","7","Slot2","Bolton VT"
"56","446.47500","441.47500","1","Slot2","Burlington VT"
"57","444.40000","449.40000","1","Slot2","Brattleboro VT"
"58","443.90000","448.90000","8","Slot2","Corinth VT"
"59","448.47500","443.47500","5","Slot2","Mt Ascutney VT"
"60","441.35000","446.35000","7","Slot2","Mt Equinox VT"
"61","446.27500","441.27500","6","Slot2","Mt Snow VT"
"62","446.37500","441.37500","7","Slot2","Jay Peak VT"
"63","448.57500","443.57500","5","Slot2","Lyndon VT"
"64","443.75000","448.75000","7","Slot2","Monkton VT"
"65","444.50000","449.50000","1","Slot2","Pico Peak VT"
"66","145.41000","144.81000","1","Slot2","Warren VT"
"67","448.87500","443.87500","7","Slot2","Williamstown VT"
"68","146.47000","144.97000","10","Slot2","Wilmington MA"
